"tourney","Division","Round","Team1","Team2","T1P1","T1P2","T2P1","T2P2","t1score","t2score"
"thepeopleschampionship","Premier","Pool","Rogue","Fashionably Late ","Ryan Marino","Thomas Hamilton","Aleks Essen","David Gonzales",21,9
"thepeopleschampionship","Premier","Pool","Basketball Purity","Dry Heat >","Jack Bushart","Joey Reynolds","Kalin Morgan","Thomas Maloney",21,15
"thepeopleschampionship","Premier","Pool","Bart Harley Jarvis","Cha Cha Slide","Ryan Gross","Clark Marshall","Brad Yates","Levi Rogers",21,10
"thepeopleschampionship","Premier","Pool","Wideman/ Kir","Super Awesome Spikers","Nick Wideman","Calyn Kir","Chris Kaptur","Max Fiebelkorn",21,23
"thepeopleschampionship","Premier","Pool","GFD Grass Fed","CRO Double McTwist","Matthew Cole","Grant Klapwijk","Kyle Jeung","Jared Ang",21,11
"thepeopleschampionship","Premier","Pool","Blind Spot","Tickle Me Elmo","Corey Weiss","Maxwell Gunneson","Austin Ha","Shane Soto",21,12
"thepeopleschampionship","Premier","Pool","Critical Hit","FCR BHAD Boys","Vincent Mathieu","Justin Barr","Nethaniel Gabriel","Joey Renaud",21,11
"thepeopleschampionship","Premier","Pool","GFD Shorter & Taller","CRO Fieldhousers","Caleb Shorter","Andrew Sullivan","Ben Pernfuss","Nicholas Puopolo",21,12
"thepeopleschampionship","Premier","Pool","Josh/Nick","Munch","Joshua Hachey","Nick Evanko","Gabriel Skaggs","Josiah McKinney",21,17
"thepeopleschampionship","Premier","Pool","Swamp Donkeys","Primal","Emerson Dean","Etienne Cote","Micah Bouman","Ruben Zapata",21,18
"thepeopleschampionship","Premier","Pool","Those guys","Mass on Sunday","Matthew Burrows","Rendall Weaver","Justin Kehoe","Bradley Clark",21,13
"thepeopleschampionship","Premier","Pool","Skill Issue","Uossss","Josh Hutko","Adam Porter","David Rowlands","Sam Mccune",21,13
"thepeopleschampionship","Premier","Pool","PneumaticðŸ’¥","CRO Dive Bar","Dawson Morgan","Blake Bosak","Dylan Mark","Logan Snair",21,8
"thepeopleschampionship","Premier","Pool","Evasive Maneuvers","Vote No on 1 ðŸ‡ºðŸ‡¸ðŸ‡ºðŸ‡¸ðŸ‡ºðŸ‡¸","Michael Barkman","Jenson Miller","Tommy Oddo","Daniel Patten",21,12
"thepeopleschampionship","Premier","Pool","Glitch","We Move","Cody Dryer","Luke Nickel","Nate Wilson","Clifford Amadeo LeVeque",15,21
"thepeopleschampionship","Premier","Pool","Profit Boost","CRO u up?","Kieran Rose","Justin Shaytar","Eric Reinke","Nathan Goh",21,15
"thepeopleschampionship","Premier","Pool","Nebs","Arledge/Hobart","Skyler Sebring","Neal Bergman","Colin Hobart","Brandon Arledge",21,13
"thepeopleschampionship","Premier","Pool","Daddy is always right","Beard/Broekema","Kyle Fowler","Owen Bass","Lindros Beard","Gavin Broekema",21,16
"thepeopleschampionship","Premier","Pool","Rogue","Dry Heat >","Ryan Marino","Thomas Hamilton","Kalin Morgan","Thomas Maloney",21,7
"thepeopleschampionship","Premier","Pool","Birthday Sets (formerly GET CAKED)","Fashionably Late ","Tim Lacagnina","Henry Pilliod","Aleks Essen","David Gonzales",21,13
"thepeopleschampionship","Premier","Pool","Bart Harley Jarvis","Super Awesome Spikers","Ryan Gross","Clark Marshall","Chris Kaptur","Max Fiebelkorn",21,11
"thepeopleschampionship","Premier","Pool","CRO Sam Sucks","Cha Cha Slide","Samuel Corey","Adrian Garcea","Brad Yates","Levi Rogers",21,12
"thepeopleschampionship","Premier","Pool","GFD Grass Fed","Tickle Me Elmo","Matthew Cole","Grant Klapwijk","Austin Ha","Shane Soto",21,10
"thepeopleschampionship","Premier","Pool","Daymare","CRO Double McTwist","Grayson M  Wills","Kyan Kornfeld","Kyle Jeung","Jared Ang",21,9
"thepeopleschampionship","Premier","Pool","Critical Hit","CRO Fieldhousers","Vincent Mathieu","Justin Barr","Ben Pernfuss","Nicholas Puopolo",21,11
"thepeopleschampionship","Premier","Pool","GFD Shorter & Taller","Josh/Nick","Caleb Shorter","Andrew Sullivan","Joshua Hachey","Nick Evanko",21,17
"thepeopleschampionship","Premier","Pool","Munch","FCR BHAD Boys","Gabriel Skaggs","Josiah McKinney","Nethaniel Gabriel","Joey Renaud",12,21
"thepeopleschampionship","Premier","Pool","Swamp Donkeys","Mass on Sunday","Emerson Dean","Etienne Cote","Justin Kehoe","Bradley Clark",21,8
"thepeopleschampionship","Premier","Pool","Those guys","Skill Issue","Matthew Burrows","Rendall Weaver","Josh Hutko","Adam Porter",21,18
"thepeopleschampionship","Premier","Pool","Uossss","Primal","David Rowlands","Sam Mccune","Micah Bouman","Ruben Zapata",19,21
"thepeopleschampionship","Premier","Pool","PneumaticðŸ’¥","Vote No on 1 ðŸ‡ºðŸ‡¸ðŸ‡ºðŸ‡¸ðŸ‡ºðŸ‡¸","Dawson Morgan","Blake Bosak","Tommy Oddo","Daniel Patten",21,5
"thepeopleschampionship","Premier","Pool","Evasive Maneuvers","Glitch","Michael Barkman","Jenson Miller","Cody Dryer","Luke Nickel",21,17
"thepeopleschampionship","Premier","Pool","We Move","CRO Dive Bar","Nate Wilson","Clifford Amadeo LeVeque","Dylan Mark","Logan Snair",21,18
"thepeopleschampionship","Premier","Pool","Profit Boost","Arledge/Hobart","Kieran Rose","Justin Shaytar","Colin Hobart","Brandon Arledge",21,11
"thepeopleschampionship","Premier","Pool","Nebs","Daddy is always right","Skyler Sebring","Neal Bergman","Kyle Fowler","Owen Bass",22,20
"thepeopleschampionship","Premier","Pool","Beard/Broekema","CRO u up?","Lindros Beard","Gavin Broekema","Eric Reinke","Nathan Goh",21,13
"thepeopleschampionship","Premier","Pool","Rogue","Birthday Sets (formerly GET CAKED)","Ryan Marino","Thomas Hamilton","Tim Lacagnina","Henry Pilliod",21,12
"thepeopleschampionship","Premier","Pool","Basketball Purity","Fashionably Late ","Jack Bushart","Joey Reynolds","Aleks Essen","David Gonzales",21,15
"thepeopleschampionship","Premier","Pool","Bart Harley Jarvis","CRO Sam Sucks","Ryan Gross","Clark Marshall","Samuel Corey","Adrian Garcea",21,13
"thepeopleschampionship","Premier","Pool","Wideman/ Kir","Cha Cha Slide","Nick Wideman","Calyn Kir","Brad Yates","Levi Rogers",21,5
"thepeopleschampionship","Premier","Pool","GFD Grass Fed","Daymare","Matthew Cole","Grant Klapwijk","Grayson M  Wills","Kyan Kornfeld",21,16
"thepeopleschampionship","Premier","Pool","Blind Spot","CRO Double McTwist","Corey Weiss","Maxwell Gunneson","Kyle Jeung","Jared Ang",21,10
"thepeopleschampionship","Premier","Pool","Critical Hit","Munch","Vincent Mathieu","Justin Barr","Gabriel Skaggs","Josiah McKinney",21,11
"thepeopleschampionship","Premier","Pool","GFD Shorter & Taller","FCR BHAD Boys","Caleb Shorter","Andrew Sullivan","Nethaniel Gabriel","Joey Renaud",19,21
"thepeopleschampionship","Premier","Pool","Josh/Nick","CRO Fieldhousers","Joshua Hachey","Nick Evanko","Ben Pernfuss","Nicholas Puopolo",24,25
"thepeopleschampionship","Premier","Pool","Swamp Donkeys","Uossss","Emerson Dean","Etienne Cote","David Rowlands","Sam Mccune",21,13
"thepeopleschampionship","Premier","Pool","Those guys","Primal","Matthew Burrows","Rendall Weaver","Micah Bouman","Ruben Zapata",21,17
"thepeopleschampionship","Premier","Pool","Skill Issue","Mass on Sunday","Josh Hutko","Adam Porter","Justin Kehoe","Bradley Clark",21,17
"thepeopleschampionship","Premier","Pool","PneumaticðŸ’¥","We Move","Dawson Morgan","Blake Bosak","Nate Wilson","Clifford Amadeo LeVeque",21,11
"thepeopleschampionship","Premier","Pool","Evasive Maneuvers","CRO Dive Bar","Michael Barkman","Jenson Miller","Dylan Mark","Logan Snair",21,8
"thepeopleschampionship","Premier","Pool","Glitch","Vote No on 1 ðŸ‡ºðŸ‡¸ðŸ‡ºðŸ‡¸ðŸ‡ºðŸ‡¸","Cody Dryer","Luke Nickel","Tommy Oddo","Daniel Patten",22,20
"thepeopleschampionship","Premier","Pool","Profit Boost","Beard/Broekema","Kieran Rose","Justin Shaytar","Lindros Beard","Gavin Broekema",21,17
"thepeopleschampionship","Premier","Pool","Nebs","CRO u up?","Skyler Sebring","Neal Bergman","Eric Reinke","Nathan Goh",21,14
"thepeopleschampionship","Premier","Pool","Daddy is always right","Arledge/Hobart","Kyle Fowler","Owen Bass","Colin Hobart","Brandon Arledge",21,16
"thepeopleschampionship","Premier","Pool","Basketball Purity","Birthday Sets (formerly GET CAKED)","Jack Bushart","Joey Reynolds","Tim Lacagnina","Henry Pilliod",19,21
"thepeopleschampionship","Premier","Pool","Dry Heat >","Fashionably Late ","Kalin Morgan","Thomas Maloney","Aleks Essen","David Gonzales",15,21
"thepeopleschampionship","Premier","Pool","Wideman/ Kir","CRO Sam Sucks","Nick Wideman","Calyn Kir","Samuel Corey","Adrian Garcea",18,21
"thepeopleschampionship","Premier","Pool","Super Awesome Spikers","Cha Cha Slide","Chris Kaptur","Max Fiebelkorn","Brad Yates","Levi Rogers",19,21
"thepeopleschampionship","Premier","Pool","Blind Spot","Daymare","Corey Weiss","Maxwell Gunneson","Grayson M  Wills","Kyan Kornfeld",21,16
"thepeopleschampionship","Premier","Pool","Tickle Me Elmo","CRO Double McTwist","Austin Ha","Shane Soto","Kyle Jeung","Jared Ang",24,25
"thepeopleschampionship","Premier","Pool","Critical Hit","Josh/Nick","Vincent Mathieu","Justin Barr","Joshua Hachey","Nick Evanko",21,16
"thepeopleschampionship","Premier","Pool","GFD Shorter & Taller","Munch","Caleb Shorter","Andrew Sullivan","Gabriel Skaggs","Josiah McKinney",21,14
"thepeopleschampionship","Premier","Pool","CRO Fieldhousers","FCR BHAD Boys","Ben Pernfuss","Nicholas Puopolo","Nethaniel Gabriel","Joey Renaud",24,25
"thepeopleschampionship","Premier","Pool","Swamp Donkeys","Skill Issue","Emerson Dean","Etienne Cote","Josh Hutko","Adam Porter",21,14
"thepeopleschampionship","Premier","Pool","Those guys","Uossss","Matthew Burrows","Rendall Weaver","David Rowlands","Sam Mccune",21,17
"thepeopleschampionship","Premier","Pool","Mass on Sunday","Primal","Justin Kehoe","Bradley Clark","Micah Bouman","Ruben Zapata",10,21
"thepeopleschampionship","Premier","Pool","PneumaticðŸ’¥","Glitch","Dawson Morgan","Blake Bosak","Cody Dryer","Luke Nickel",21,13
"thepeopleschampionship","Premier","Pool","Evasive Maneuvers","We Move","Michael Barkman","Jenson Miller","Nate Wilson","Clifford Amadeo LeVeque",21,15
"thepeopleschampionship","Premier","Pool","Vote No on 1 ðŸ‡ºðŸ‡¸ðŸ‡ºðŸ‡¸ðŸ‡ºðŸ‡¸","CRO Dive Bar","Tommy Oddo","Daniel Patten","Dylan Mark","Logan Snair",21,14
"thepeopleschampionship","Premier","Pool","Profit Boost","Daddy is always right","Kieran Rose","Justin Shaytar","Kyle Fowler","Owen Bass",21,16
"thepeopleschampionship","Premier","Pool","Nebs","Beard/Broekema","Skyler Sebring","Neal Bergman","Lindros Beard","Gavin Broekema",22,20
"thepeopleschampionship","Premier","Pool","Arledge/Hobart","CRO u up?","Colin Hobart","Brandon Arledge","Eric Reinke","Nathan Goh",21,19
"thepeopleschampionship","Premier","Pool","Rogue","Basketball Purity","Ryan Marino","Thomas Hamilton","Jack Bushart","Joey Reynolds",21,13
"thepeopleschampionship","Premier","Pool","Birthday Sets (formerly GET CAKED)","Dry Heat >","Tim Lacagnina","Henry Pilliod","Kalin Morgan","Thomas Maloney",21,16
"thepeopleschampionship","Premier","Pool","Bart Harley Jarvis","Wideman/ Kir","Ryan Gross","Clark Marshall","Nick Wideman","Calyn Kir",21,14
"thepeopleschampionship","Premier","Pool","CRO Sam Sucks","Super Awesome Spikers","Samuel Corey","Adrian Garcea","Chris Kaptur","Max Fiebelkorn",21,18
"thepeopleschampionship","Premier","Pool","GFD Grass Fed","Blind Spot","Matthew Cole","Grant Klapwijk","Corey Weiss","Maxwell Gunneson",21,18
"thepeopleschampionship","Premier","Pool","Daymare","Tickle Me Elmo","Grayson M  Wills","Kyan Kornfeld","Austin Ha","Shane Soto",16,21
"thepeopleschampionship","Premier","Pool","Critical Hit","GFD Shorter & Taller","Vincent Mathieu","Justin Barr","Caleb Shorter","Andrew Sullivan",22,20
"thepeopleschampionship","Premier","Pool","Josh/Nick","FCR BHAD Boys","Joshua Hachey","Nick Evanko","Nethaniel Gabriel","Joey Renaud",21,16
"thepeopleschampionship","Premier","Pool","Munch","CRO Fieldhousers","Gabriel Skaggs","Josiah McKinney","Ben Pernfuss","Nicholas Puopolo",15,21
"thepeopleschampionship","Premier","Pool","Swamp Donkeys","Those guys","Emerson Dean","Etienne Cote","Matthew Burrows","Rendall Weaver",21,18
"thepeopleschampionship","Premier","Pool","Skill Issue","Primal","Josh Hutko","Adam Porter","Micah Bouman","Ruben Zapata",21,19
"thepeopleschampionship","Premier","Pool","Uossss","Mass on Sunday","David Rowlands","Sam Mccune","Justin Kehoe","Bradley Clark",21,14
"thepeopleschampionship","Premier","Pool","PneumaticðŸ’¥","Evasive Maneuvers","Dawson Morgan","Blake Bosak","Michael Barkman","Jenson Miller",21,11
"thepeopleschampionship","Premier","Pool","Glitch","CRO Dive Bar","Cody Dryer","Luke Nickel","Dylan Mark","Logan Snair",22,20
"thepeopleschampionship","Premier","Pool","We Move","Vote No on 1 ðŸ‡ºðŸ‡¸ðŸ‡ºðŸ‡¸ðŸ‡ºðŸ‡¸","Nate Wilson","Clifford Amadeo LeVeque","Tommy Oddo","Daniel Patten",13,21
"thepeopleschampionship","Premier","Pool","Profit Boost","Nebs","Kieran Rose","Justin Shaytar","Skyler Sebring","Neal Bergman",21,19
"thepeopleschampionship","Premier","Pool","Daddy is always right","CRO u up?","Kyle Fowler","Owen Bass","Eric Reinke","Nathan Goh",21,18
"thepeopleschampionship","Premier","Pool","Beard/Broekema","Arledge/Hobart","Lindros Beard","Gavin Broekema","Colin Hobart","Brandon Arledge",24,25
"thepeopleschampionship","Premier","Round of 64","We Move","Mass on Sunday","Nate Wilson","Clifford Amadeo LeVeque","Justin Kehoe","Bradley Clark",1,0
"thepeopleschampionship","Premier","Round of 64","We Move","Mass on Sunday","Nate Wilson","Clifford Amadeo LeVeque","Justin Kehoe","Bradley Clark",1,0
"thepeopleschampionship","Premier","Round of 64","Super Awesome Spikers","CRO Dive Bar","Chris Kaptur","Max Fiebelkorn","Dylan Mark","Logan Snair",15,21
"thepeopleschampionship","Premier","Round of 64","Super Awesome Spikers","CRO Dive Bar","Chris Kaptur","Max Fiebelkorn","Dylan Mark","Logan Snair",21,18
"thepeopleschampionship","Premier","Round of 64","Super Awesome Spikers","CRO Dive Bar","Chris Kaptur","Max Fiebelkorn","Dylan Mark","Logan Snair",21,16
"thepeopleschampionship","Premier","Round of 64","Arledge/Hobart","Munch","Colin Hobart","Brandon Arledge","Gabriel Skaggs","Josiah McKinney",15,21
"thepeopleschampionship","Premier","Round of 64","Arledge/Hobart","Munch","Colin Hobart","Brandon Arledge","Gabriel Skaggs","Josiah McKinney",21,19
"thepeopleschampionship","Premier","Round of 64","Arledge/Hobart","Munch","Colin Hobart","Brandon Arledge","Gabriel Skaggs","Josiah McKinney",18,21
"thepeopleschampionship","Premier","Round of 64","Tickle Me Elmo","CRO u up?","Austin Ha","Shane Soto","Eric Reinke","Nathan Goh",21,17
"thepeopleschampionship","Premier","Round of 64","Tickle Me Elmo","CRO u up?","Austin Ha","Shane Soto","Eric Reinke","Nathan Goh",21,12
"thepeopleschampionship","Premier","Round of 64","Fashionably Late ","Dry Heat >","Aleks Essen","David Gonzales","Kalin Morgan","Thomas Maloney",21,17
"thepeopleschampionship","Premier","Round of 64","Fashionably Late ","Dry Heat >","Aleks Essen","David Gonzales","Kalin Morgan","Thomas Maloney",17,21
"thepeopleschampionship","Premier","Round of 64","Fashionably Late ","Dry Heat >","Aleks Essen","David Gonzales","Kalin Morgan","Thomas Maloney",21,16
"thepeopleschampionship","Premier","Round of 64","CRO Double McTwist","Uossss","Kyle Jeung","Jared Ang","David Rowlands","Sam Mccune",21,16
"thepeopleschampionship","Premier","Round of 64","CRO Double McTwist","Uossss","Kyle Jeung","Jared Ang","David Rowlands","Sam Mccune",21,19
"thepeopleschampionship","Premier","Round of 64","Cha Cha Slide","Beard/Broekema","Brad Yates","Levi Rogers","Lindros Beard","Gavin Broekema",0,1
"thepeopleschampionship","Premier","Round of 64","Cha Cha Slide","Beard/Broekema","Brad Yates","Levi Rogers","Lindros Beard","Gavin Broekema",0,1
"thepeopleschampionship","Premier","Round of 32","PneumaticðŸ’¥","Beard/Broekema","Dawson Morgan","Blake Bosak","Lindros Beard","Gavin Broekema",21,17
"thepeopleschampionship","Premier","Round of 32","PneumaticðŸ’¥","Beard/Broekema","Dawson Morgan","Blake Bosak","Lindros Beard","Gavin Broekema",21,9
"thepeopleschampionship","Premier","Round of 32","Rogue","CRO Double McTwist","Ryan Marino","Thomas Hamilton","Kyle Jeung","Jared Ang",21,8
"thepeopleschampionship","Premier","Round of 32","Rogue","CRO Double McTwist","Ryan Marino","Thomas Hamilton","Kyle Jeung","Jared Ang",21,7
"thepeopleschampionship","Premier","Round of 32","Bart Harley Jarvis","Fashionably Late ","Ryan Gross","Clark Marshall","Aleks Essen","David Gonzales",21,11
"thepeopleschampionship","Premier","Round of 32","Bart Harley Jarvis","Fashionably Late ","Ryan Gross","Clark Marshall","Aleks Essen","David Gonzales",21,11
"thepeopleschampionship","Premier","Round of 32","Critical Hit","Tickle Me Elmo","Vincent Mathieu","Justin Barr","Austin Ha","Shane Soto",21,11
"thepeopleschampionship","Premier","Round of 32","Critical Hit","Tickle Me Elmo","Vincent Mathieu","Justin Barr","Austin Ha","Shane Soto",21,10
"thepeopleschampionship","Premier","Round of 32","GFD Grass Fed","Munch","Matthew Cole","Grant Klapwijk","Gabriel Skaggs","Josiah McKinney",21,12
"thepeopleschampionship","Premier","Round of 32","GFD Grass Fed","Munch","Matthew Cole","Grant Klapwijk","Gabriel Skaggs","Josiah McKinney",21,9
"thepeopleschampionship","Premier","Round of 32","Swamp Donkeys","Super Awesome Spikers","Emerson Dean","Etienne Cote","Chris Kaptur","Max Fiebelkorn",21,15
"thepeopleschampionship","Premier","Round of 32","Swamp Donkeys","Super Awesome Spikers","Emerson Dean","Etienne Cote","Chris Kaptur","Max Fiebelkorn",21,16
"thepeopleschampionship","Premier","Round of 32","Profit Boost","We Move","Kieran Rose","Justin Shaytar","Nate Wilson","Clifford Amadeo LeVeque",21,12
"thepeopleschampionship","Premier","Round of 32","Profit Boost","We Move","Kieran Rose","Justin Shaytar","Nate Wilson","Clifford Amadeo LeVeque",21,16
"thepeopleschampionship","Premier","Round of 32","Blind Spot","Glitch","Corey Weiss","Maxwell Gunneson","Cody Dryer","Luke Nickel",16,21
"thepeopleschampionship","Premier","Round of 32","Blind Spot","Glitch","Corey Weiss","Maxwell Gunneson","Cody Dryer","Luke Nickel",21,19
"thepeopleschampionship","Premier","Round of 32","Blind Spot","Glitch","Corey Weiss","Maxwell Gunneson","Cody Dryer","Luke Nickel",21,18
"thepeopleschampionship","Premier","Round of 32","Evasive Maneuvers","CRO Fieldhousers","Michael Barkman","Jenson Miller","Ben Pernfuss","Nicholas Puopolo",21,11
"thepeopleschampionship","Premier","Round of 32","Evasive Maneuvers","CRO Fieldhousers","Michael Barkman","Jenson Miller","Ben Pernfuss","Nicholas Puopolo",21,19
"thepeopleschampionship","Premier","Round of 32","Nebs","Vote No on 1 ðŸ‡ºðŸ‡¸ðŸ‡ºðŸ‡¸ðŸ‡ºðŸ‡¸","Skyler Sebring","Neal Bergman","Tommy Oddo","Daniel Patten",21,19
"thepeopleschampionship","Premier","Round of 32","Nebs","Vote No on 1 ðŸ‡ºðŸ‡¸ðŸ‡ºðŸ‡¸ðŸ‡ºðŸ‡¸","Skyler Sebring","Neal Bergman","Tommy Oddo","Daniel Patten",21,19
"thepeopleschampionship","Premier","Round of 32","Those guys","Daymare","Matthew Burrows","Rendall Weaver","Grayson M  Wills","Kyan Kornfeld",16,21
"thepeopleschampionship","Premier","Round of 32","Those guys","Daymare","Matthew Burrows","Rendall Weaver","Grayson M  Wills","Kyan Kornfeld",21,16
"thepeopleschampionship","Premier","Round of 32","Those guys","Daymare","Matthew Burrows","Rendall Weaver","Grayson M  Wills","Kyan Kornfeld",21,18
"thepeopleschampionship","Premier","Round of 32","CRO Sam Sucks","Josh/Nick","Samuel Corey","Adrian Garcea","Joshua Hachey","Nick Evanko",21,17
"thepeopleschampionship","Premier","Round of 32","CRO Sam Sucks","Josh/Nick","Samuel Corey","Adrian Garcea","Joshua Hachey","Nick Evanko",21,19
"thepeopleschampionship","Premier","Round of 32","Birthday Sets (formerly GET CAKED)","Primal","Tim Lacagnina","Henry Pilliod","Micah Bouman","Ruben Zapata",22,20
"thepeopleschampionship","Premier","Round of 32","Birthday Sets (formerly GET CAKED)","Primal","Tim Lacagnina","Henry Pilliod","Micah Bouman","Ruben Zapata",21,16
"thepeopleschampionship","Premier","Round of 32","GFD Shorter & Taller","Wideman/ Kir","Caleb Shorter","Andrew Sullivan","Nick Wideman","Calyn Kir",1,0
"thepeopleschampionship","Premier","Round of 32","GFD Shorter & Taller","Wideman/ Kir","Caleb Shorter","Andrew Sullivan","Nick Wideman","Calyn Kir",1,0
"thepeopleschampionship","Premier","Round of 32","Daddy is always right","FCR BHAD Boys","Kyle Fowler","Owen Bass","Nethaniel Gabriel","Joey Renaud",21,16
"thepeopleschampionship","Premier","Round of 32","Daddy is always right","FCR BHAD Boys","Kyle Fowler","Owen Bass","Nethaniel Gabriel","Joey Renaud",21,12
"thepeopleschampionship","Premier","Round of 32","Skill Issue","Basketball Purity","Josh Hutko","Adam Porter","Jack Bushart","Joey Reynolds",23,21
"thepeopleschampionship","Premier","Round of 32","Skill Issue","Basketball Purity","Josh Hutko","Adam Porter","Jack Bushart","Joey Reynolds",14,21
"thepeopleschampionship","Premier","Round of 32","Skill Issue","Basketball Purity","Josh Hutko","Adam Porter","Jack Bushart","Joey Reynolds",21,19
"thepeopleschampionship","Premier","Round of 16","PneumaticðŸ’¥","Skill Issue","Dawson Morgan","Blake Bosak","Josh Hutko","Adam Porter",21,12
"thepeopleschampionship","Premier","Round of 16","PneumaticðŸ’¥","Skill Issue","Dawson Morgan","Blake Bosak","Josh Hutko","Adam Porter",21,15
"thepeopleschampionship","Premier","Round of 16","Rogue","Daddy is always right","Ryan Marino","Thomas Hamilton","Kyle Fowler","Owen Bass",21,13
"thepeopleschampionship","Premier","Round of 16","Rogue","Daddy is always right","Ryan Marino","Thomas Hamilton","Kyle Fowler","Owen Bass",21,13
"thepeopleschampionship","Premier","Round of 16","Bart Harley Jarvis","GFD Shorter & Taller","Ryan Gross","Clark Marshall","Caleb Shorter","Andrew Sullivan",21,18
"thepeopleschampionship","Premier","Round of 16","Bart Harley Jarvis","GFD Shorter & Taller","Ryan Gross","Clark Marshall","Caleb Shorter","Andrew Sullivan",21,18
"thepeopleschampionship","Premier","Round of 16","Critical Hit","Birthday Sets (formerly GET CAKED)","Vincent Mathieu","Justin Barr","Tim Lacagnina","Henry Pilliod",21,14
"thepeopleschampionship","Premier","Round of 16","Critical Hit","Birthday Sets (formerly GET CAKED)","Vincent Mathieu","Justin Barr","Tim Lacagnina","Henry Pilliod",21,13
"thepeopleschampionship","Premier","Round of 16","GFD Grass Fed","CRO Sam Sucks","Matthew Cole","Grant Klapwijk","Samuel Corey","Adrian Garcea",21,16
"thepeopleschampionship","Premier","Round of 16","GFD Grass Fed","CRO Sam Sucks","Matthew Cole","Grant Klapwijk","Samuel Corey","Adrian Garcea",21,16
"thepeopleschampionship","Premier","Round of 16","Swamp Donkeys","Those guys","Emerson Dean","Etienne Cote","Matthew Burrows","Rendall Weaver",21,18
"thepeopleschampionship","Premier","Round of 16","Swamp Donkeys","Those guys","Emerson Dean","Etienne Cote","Matthew Burrows","Rendall Weaver",21,15
"thepeopleschampionship","Premier","Round of 16","Profit Boost","Nebs","Kieran Rose","Justin Shaytar","Skyler Sebring","Neal Bergman",21,16
"thepeopleschampionship","Premier","Round of 16","Profit Boost","Nebs","Kieran Rose","Justin Shaytar","Skyler Sebring","Neal Bergman",21,16
"thepeopleschampionship","Premier","Round of 16","Blind Spot","Evasive Maneuvers","Corey Weiss","Maxwell Gunneson","Michael Barkman","Jenson Miller",20,22
"thepeopleschampionship","Premier","Round of 16","Blind Spot","Evasive Maneuvers","Corey Weiss","Maxwell Gunneson","Michael Barkman","Jenson Miller",21,16
"thepeopleschampionship","Premier","Round of 16","Blind Spot","Evasive Maneuvers","Corey Weiss","Maxwell Gunneson","Michael Barkman","Jenson Miller",15,21
"thepeopleschampionship","Premier","P17: Round of 16","FCR BHAD Boys","CRO Double McTwist","Nethaniel Gabriel","Joey Renaud","Kyle Jeung","Jared Ang",21,14
"thepeopleschampionship","Premier","P17: Round of 16","FCR BHAD Boys","CRO Double McTwist","Nethaniel Gabriel","Joey Renaud","Kyle Jeung","Jared Ang",0,-1
"thepeopleschampionship","Premier","P17: Round of 16","Wideman/ Kir","Fashionably Late ","Nick Wideman","Calyn Kir","Aleks Essen","David Gonzales",0,-1
"thepeopleschampionship","Premier","P17: Round of 16","Wideman/ Kir","Fashionably Late ","Nick Wideman","Calyn Kir","Aleks Essen","David Gonzales",0,-1
"thepeopleschampionship","Premier","P17: Round of 16","Primal","Tickle Me Elmo","Micah Bouman","Ruben Zapata","Austin Ha","Shane Soto",0,-1
"thepeopleschampionship","Premier","P17: Round of 16","Primal","Tickle Me Elmo","Micah Bouman","Ruben Zapata","Austin Ha","Shane Soto",0,-1
"thepeopleschampionship","Premier","P17: Round of 16","Daymare","Super Awesome Spikers","Grayson M  Wills","Kyan Kornfeld","Chris Kaptur","Max Fiebelkorn",13,15
"thepeopleschampionship","Premier","P17: Round of 16","Daymare","Super Awesome Spikers","Grayson M  Wills","Kyan Kornfeld","Chris Kaptur","Max Fiebelkorn",13,15
"thepeopleschampionship","Premier","P17: Round of 16","Vote No on 1 ðŸ‡ºðŸ‡¸ðŸ‡ºðŸ‡¸ðŸ‡ºðŸ‡¸","We Move","Tommy Oddo","Daniel Patten","Nate Wilson","Clifford Amadeo LeVeque",1,-1
"thepeopleschampionship","Premier","P17: Round of 16","Vote No on 1 ðŸ‡ºðŸ‡¸ðŸ‡ºðŸ‡¸ðŸ‡ºðŸ‡¸","We Move","Tommy Oddo","Daniel Patten","Nate Wilson","Clifford Amadeo LeVeque",1,-1
"thepeopleschampionship","Premier","Quarter-final","PneumaticðŸ’¥","Evasive Maneuvers","Dawson Morgan","Blake Bosak","Michael Barkman","Jenson Miller",21,18
"thepeopleschampionship","Premier","Quarter-final","PneumaticðŸ’¥","Evasive Maneuvers","Dawson Morgan","Blake Bosak","Michael Barkman","Jenson Miller",21,11
"thepeopleschampionship","Premier","Quarter-final","Rogue","Profit Boost","Ryan Marino","Thomas Hamilton","Kieran Rose","Justin Shaytar",21,19
"thepeopleschampionship","Premier","Quarter-final","Rogue","Profit Boost","Ryan Marino","Thomas Hamilton","Kieran Rose","Justin Shaytar",21,15
"thepeopleschampionship","Premier","Quarter-final","Bart Harley Jarvis","Swamp Donkeys","Ryan Gross","Clark Marshall","Emerson Dean","Etienne Cote",21,18
"thepeopleschampionship","Premier","Quarter-final","Bart Harley Jarvis","Swamp Donkeys","Ryan Gross","Clark Marshall","Emerson Dean","Etienne Cote",20,22
"thepeopleschampionship","Premier","Quarter-final","Bart Harley Jarvis","Swamp Donkeys","Ryan Gross","Clark Marshall","Emerson Dean","Etienne Cote",19,21
"thepeopleschampionship","Premier","Quarter-final","Critical Hit","GFD Grass Fed","Vincent Mathieu","Justin Barr","Matthew Cole","Grant Klapwijk",19,21
"thepeopleschampionship","Premier","Quarter-final","Critical Hit","GFD Grass Fed","Vincent Mathieu","Justin Barr","Matthew Cole","Grant Klapwijk",21,15
"thepeopleschampionship","Premier","Quarter-final","Critical Hit","GFD Grass Fed","Vincent Mathieu","Justin Barr","Matthew Cole","Grant Klapwijk",26,24
"thepeopleschampionship","Premier","P9: Quarter-final","Blind Spot","Skill Issue","Corey Weiss","Maxwell Gunneson","Josh Hutko","Adam Porter",-1,0
"thepeopleschampionship","Premier","P9: Quarter-final","Blind Spot","Skill Issue","Corey Weiss","Maxwell Gunneson","Josh Hutko","Adam Porter",-1,0
"thepeopleschampionship","Premier","P9: Quarter-final","CRO Sam Sucks","Birthday Sets (formerly GET CAKED)","Samuel Corey","Adrian Garcea","Tim Lacagnina","Henry Pilliod",-1,0
"thepeopleschampionship","Premier","P9: Quarter-final","CRO Sam Sucks","Birthday Sets (formerly GET CAKED)","Samuel Corey","Adrian Garcea","Tim Lacagnina","Henry Pilliod",-1,0
"thepeopleschampionship","Premier","P17: Quarter-final","FCR BHAD Boys","Vote No on 1 ðŸ‡ºðŸ‡¸ðŸ‡ºðŸ‡¸ðŸ‡ºðŸ‡¸","Nethaniel Gabriel","Joey Renaud","Tommy Oddo","Daniel Patten",21,19
"thepeopleschampionship","Premier","P17: Quarter-final","FCR BHAD Boys","Vote No on 1 ðŸ‡ºðŸ‡¸ðŸ‡ºðŸ‡¸ðŸ‡ºðŸ‡¸","Nethaniel Gabriel","Joey Renaud","Tommy Oddo","Daniel Patten",1,-1
"thepeopleschampionship","Premier","P17: Quarter-final","Wideman/ Kir","Super Awesome Spikers","Nick Wideman","Calyn Kir","Chris Kaptur","Max Fiebelkorn",21,19
"thepeopleschampionship","Premier","P17: Quarter-final","Wideman/ Kir","Super Awesome Spikers","Nick Wideman","Calyn Kir","Chris Kaptur","Max Fiebelkorn",0,-1
"thepeopleschampionship","Premier","Semi-final","PneumaticðŸ’¥","Critical Hit","Dawson Morgan","Blake Bosak","Vincent Mathieu","Justin Barr",19,21
"thepeopleschampionship","Premier","Semi-final","PneumaticðŸ’¥","Critical Hit","Dawson Morgan","Blake Bosak","Vincent Mathieu","Justin Barr",18,21
"thepeopleschampionship","Premier","Semi-final","Rogue","Swamp Donkeys","Ryan Marino","Thomas Hamilton","Emerson Dean","Etienne Cote",21,14
"thepeopleschampionship","Premier","Semi-final","Rogue","Swamp Donkeys","Ryan Marino","Thomas Hamilton","Emerson Dean","Etienne Cote",21,19
"thepeopleschampionship","Premier","P17: Semi-final","FCR BHAD Boys","Wideman/ Kir","Nethaniel Gabriel","Joey Renaud","Nick Wideman","Calyn Kir",-1,0
"thepeopleschampionship","Premier","P17: Semi-final","FCR BHAD Boys","Wideman/ Kir","Nethaniel Gabriel","Joey Renaud","Nick Wideman","Calyn Kir",-1,0
"thepeopleschampionship","Premier","Final","Critical Hit","Rogue","Vincent Mathieu","Justin Barr","Ryan Marino","Thomas Hamilton",15,21
"thepeopleschampionship","Premier","Final","Critical Hit","Rogue","Vincent Mathieu","Justin Barr","Ryan Marino","Thomas Hamilton",21,19
"thepeopleschampionship","Premier","Final","Critical Hit","Rogue","Vincent Mathieu","Justin Barr","Ryan Marino","Thomas Hamilton",19,21
"thepeopleschampionship","Premier","P3: Final","Swamp Donkeys","PneumaticðŸ’¥","Emerson Dean","Etienne Cote","Dawson Morgan","Blake Bosak",21,18
"thepeopleschampionship","Premier","P3: Final","Swamp Donkeys","PneumaticðŸ’¥","Emerson Dean","Etienne Cote","Dawson Morgan","Blake Bosak",21,19
"thepeopleschampionship","Womens","Pool","BIG BEAVERS","international love","Jaime Cunningham","Shonda Couroux","Shannon Lau","Hager Taha",21,15
"thepeopleschampionship","Womens","Pool","Grothause/Barklow","Bisesi/Kuntz","Samantha Barklow","Adrianna Grothause","Dani Bisesi","Emily Kuntz",21,8
"thepeopleschampionship","Womens","Pool","YU-BAE","Spicy","sophia yu","Dianne Fonseca","Jennifer Wang","Reese Gallagher",21,8
"thepeopleschampionship","Womens","Pool","You are Kenough","DQ grill & chill","Lydia Penix","Bekah Smith","Jhanaj Quispe","Rachel Dolan",21,16
"thepeopleschampionship","Womens","Pool","BIG BEAVERS","Bisesi/Kuntz","Jaime Cunningham","Shonda Couroux","Dani Bisesi","Emily Kuntz",21,9
"thepeopleschampionship","Womens","Pool","Grothause/Barklow","international love","Samantha Barklow","Adrianna Grothause","Shannon Lau","Hager Taha",21,18
"thepeopleschampionship","Womens","Pool","YU-BAE","DQ grill & chill","sophia yu","Dianne Fonseca","Jhanaj Quispe","Rachel Dolan",21,8
"thepeopleschampionship","Womens","Pool","You are Kenough","Spicy","Lydia Penix","Bekah Smith","Jennifer Wang","Reese Gallagher",21,16
"thepeopleschampionship","Womens","Pool","BIG BEAVERS","Grothause/Barklow","Jaime Cunningham","Shonda Couroux","Samantha Barklow","Adrianna Grothause",21,13
"thepeopleschampionship","Womens","Pool","Bisesi/Kuntz","international love","Dani Bisesi","Emily Kuntz","Shannon Lau","Hager Taha",17,21
"thepeopleschampionship","Womens","Pool","YU-BAE","You are Kenough","sophia yu","Dianne Fonseca","Lydia Penix","Bekah Smith",21,13
"thepeopleschampionship","Womens","Pool","DQ grill & chill","Spicy","Jhanaj Quispe","Rachel Dolan","Jennifer Wang","Reese Gallagher",21,16
"thepeopleschampionship","Womens","Pool","BIG BEAVERS","international love","Jaime Cunningham","Shonda Couroux","Shannon Lau","Hager Taha",21,13
"thepeopleschampionship","Womens","Pool","Grothause/Barklow","Bisesi/Kuntz","Samantha Barklow","Adrianna Grothause","Dani Bisesi","Emily Kuntz",17,21
"thepeopleschampionship","Womens","Pool","YU-BAE","Spicy","sophia yu","Dianne Fonseca","Jennifer Wang","Reese Gallagher",21,10
"thepeopleschampionship","Womens","Pool","You are Kenough","DQ grill & chill","Lydia Penix","Bekah Smith","Jhanaj Quispe","Rachel Dolan",19,21
"thepeopleschampionship","Womens","Pool","BIG BEAVERS","Bisesi/Kuntz","Jaime Cunningham","Shonda Couroux","Dani Bisesi","Emily Kuntz",21,12
"thepeopleschampionship","Womens","Pool","Grothause/Barklow","international love","Samantha Barklow","Adrianna Grothause","Shannon Lau","Hager Taha",21,12
"thepeopleschampionship","Womens","Pool","YU-BAE","DQ grill & chill","sophia yu","Dianne Fonseca","Jhanaj Quispe","Rachel Dolan",21,8
"thepeopleschampionship","Womens","Pool","You are Kenough","Spicy","Lydia Penix","Bekah Smith","Jennifer Wang","Reese Gallagher",21,19
"thepeopleschampionship","Womens","Pool","BIG BEAVERS","Grothause/Barklow","Jaime Cunningham","Shonda Couroux","Samantha Barklow","Adrianna Grothause",21,13
"thepeopleschampionship","Womens","Pool","Bisesi/Kuntz","international love","Dani Bisesi","Emily Kuntz","Shannon Lau","Hager Taha",13,21
"thepeopleschampionship","Womens","Pool","YU-BAE","You are Kenough","sophia yu","Dianne Fonseca","Lydia Penix","Bekah Smith",21,9
"thepeopleschampionship","Womens","Pool","DQ grill & chill","Spicy","Jhanaj Quispe","Rachel Dolan","Jennifer Wang","Reese Gallagher",21,19
"thepeopleschampionship","Womens","Quarter-final","YU-BAE","Spicy","sophia yu","Dianne Fonseca","Jennifer Wang","Reese Gallagher",1,0
"thepeopleschampionship","Womens","Quarter-final","YU-BAE","Spicy","sophia yu","Dianne Fonseca","Jennifer Wang","Reese Gallagher",1,0
"thepeopleschampionship","Womens","Quarter-final","BIG BEAVERS","Bisesi/Kuntz","Jaime Cunningham","Shonda Couroux","Dani Bisesi","Emily Kuntz",21,15
"thepeopleschampionship","Womens","Quarter-final","BIG BEAVERS","Bisesi/Kuntz","Jaime Cunningham","Shonda Couroux","Dani Bisesi","Emily Kuntz",1,0
"thepeopleschampionship","Womens","Quarter-final","Grothause/Barklow","international love","Samantha Barklow","Adrianna Grothause","Shannon Lau","Hager Taha",21,15
"thepeopleschampionship","Womens","Quarter-final","Grothause/Barklow","international love","Samantha Barklow","Adrianna Grothause","Shannon Lau","Hager Taha",21,11
"thepeopleschampionship","Womens","Quarter-final","You are Kenough","DQ grill & chill","Lydia Penix","Bekah Smith","Jhanaj Quispe","Rachel Dolan",1,0
"thepeopleschampionship","Womens","Quarter-final","You are Kenough","DQ grill & chill","Lydia Penix","Bekah Smith","Jhanaj Quispe","Rachel Dolan",0,1
"thepeopleschampionship","Womens","Quarter-final","You are Kenough","DQ grill & chill","Lydia Penix","Bekah Smith","Jhanaj Quispe","Rachel Dolan",0,1
"thepeopleschampionship","Womens","Semi-final","YU-BAE","DQ grill & chill","sophia yu","Dianne Fonseca","Jhanaj Quispe","Rachel Dolan",21,15
"thepeopleschampionship","Womens","Semi-final","YU-BAE","DQ grill & chill","sophia yu","Dianne Fonseca","Jhanaj Quispe","Rachel Dolan",21,9
"thepeopleschampionship","Womens","Semi-final","BIG BEAVERS","Grothause/Barklow","Jaime Cunningham","Shonda Couroux","Samantha Barklow","Adrianna Grothause",21,15
"thepeopleschampionship","Womens","Semi-final","BIG BEAVERS","Grothause/Barklow","Jaime Cunningham","Shonda Couroux","Samantha Barklow","Adrianna Grothause",21,18
"thepeopleschampionship","Womens","P5: Semi-final","international love","Bisesi/Kuntz","Shannon Lau","Hager Taha","Dani Bisesi","Emily Kuntz",22,20
"thepeopleschampionship","Womens","Final","YU-BAE","BIG BEAVERS","sophia yu","Dianne Fonseca","Jaime Cunningham","Shonda Couroux",21,10
"thepeopleschampionship","Womens","Final","YU-BAE","BIG BEAVERS","sophia yu","Dianne Fonseca","Jaime Cunningham","Shonda Couroux",21,13
"thepeopleschampionship","Womens","P3: Final","Grothause/Barklow","DQ grill & chill","Samantha Barklow","Adrianna Grothause","Jhanaj Quispe","Rachel Dolan",21,10
"thepeopleschampionship","Womens","P3: Final","Grothause/Barklow","DQ grill & chill","Samantha Barklow","Adrianna Grothause","Jhanaj Quispe","Rachel Dolan",21,17
"thepeopleschampionship","Contender","Pool","Uh Oh","White and brown","Ty Fields","Zak Kovatch","William White","Kishore Natchiappan",21,9
"thepeopleschampionship","Contender","Pool","Hometown Advantage","Super Spike Bros","Drew Martin","Josiah Bontrager","Carter Louisell","Ethan Morello",21,5
"thepeopleschampionship","Contender","Pool","Monty/Dhankani","Backhands for Breakfast","Arjun Dhankani","Nathan Montgomery","John Clark","Tahseen Robbani",21,11
"thepeopleschampionship","Contender","Pool","Walang Kultura","Soup Boys","Jason Inumerable","Andrew Perez","Luke Nemec","Johnnie Teng",21,19
"thepeopleschampionship","Contender","Pool","TNT ðŸ§¨","Biggie & Smalls","Thomas Troyer","Zachary Troyer","Garrett Duncan","Conrad Korte",21,13
"thepeopleschampionship","Contender","Pool","FCR No Left","Mango Cart","Mo ElMoursi","Jake Choi","Mitchell Grosteffon","Mason Evans",21,12
"thepeopleschampionship","Contender","Pool","Get Milked","STYLEBENDERS","Izayah Gibson","Drew Banziger","Cole Fankhauser","noah perrin",21,5
"thepeopleschampionship","Contender","Pool","Not athletic","Cleveland spikes","Kai Zafren","Matt Sak","Tate Geiser","Trysten Zahoransky",21,16
"thepeopleschampionship","Contender","Pool","Pocket Aces","The In-Laws","Jack Bush","lucas klopfenstein","Brian Bailey","Justin Winn",21,9
"thepeopleschampionship","Contender","Pool","Diddly Obama","The Brits","Corey Schneck","Louie Simbajon","Nathaniel Frieswyk","Maxwell King",21,9
"thepeopleschampionship","Contender","Pool","Scooby Smacks","Team Buzz","Jayden Simonian","Caleb Ciner","Lance Markowitz","Macy Pinsonneault",21,12
"thepeopleschampionship","Contender","Pool","Cave Talk","Lobstars","Alex Perkins","Ryan Juenger","Isabella Bippus","Kevin Lui",21,12
"thepeopleschampionship","Contender","Pool","Shed Bros","Zorbin","Nathan Ward","Spencer Weber","Zach M","Korbin Thompson",21,19
"thepeopleschampionship","Contender","Pool","Uh Oh","Super Spike Bros","Ty Fields","Zak Kovatch","Carter Louisell","Ethan Morello",21,7
"thepeopleschampionship","Contender","Pool","Friedeman/U'Wren","White and brown","Zeke Friedeman","Jacob U'Wren","William White","Kishore Natchiappan",21,10
"thepeopleschampionship","Contender","Pool","Monty/Dhankani","Soup Boys","Arjun Dhankani","Nathan Montgomery","Luke Nemec","Johnnie Teng",21,8
"thepeopleschampionship","Contender","Pool","Hamburger no meat","Backhands for Breakfast","Yanai Hamel-Sasson","Chris Hartings","John Clark","Tahseen Robbani",22,24
"thepeopleschampionship","Contender","Pool","TNT ðŸ§¨","Mango Cart","Thomas Troyer","Zachary Troyer","Mitchell Grosteffon","Mason Evans",21,8
"thepeopleschampionship","Contender","Pool","Pocket Aces (Navy)","Biggie & Smalls","Marty Merigold","Kenny Velu","Garrett Duncan","Conrad Korte",21,12
"thepeopleschampionship","Contender","Pool","Get Milked","Cleveland spikes","Izayah Gibson","Drew Banziger","Tate Geiser","Trysten Zahoransky",21,12
"thepeopleschampionship","Contender","Pool","FCR ICEBERGS","STYLEBENDERS","Isaiah Bergsma","Nelson Bergsma","Cole Fankhauser","noah perrin",21,11
"thepeopleschampionship","Contender","Pool","Pocket Aces","The Brits","Jack Bush","lucas klopfenstein","Nathaniel Frieswyk","Maxwell King",21,8
"thepeopleschampionship","Contender","Pool","Washed","The In-Laws","Nic Dewey","Max Billinghurst","Brian Bailey","Justin Winn",21,6
"thepeopleschampionship","Contender","Pool","Scooby Smacks","Lobstars","Jayden Simonian","Caleb Ciner","Isabella Bippus","Kevin Lui",21,9
"thepeopleschampionship","Contender","Pool","Cave Talk","Shed Bros","Alex Perkins","Ryan Juenger","Nathan Ward","Spencer Weber",16,21
"thepeopleschampionship","Contender","Pool","Zorbin","Team Buzz","Zach M","Korbin Thompson","Lance Markowitz","Macy Pinsonneault",19,21
"thepeopleschampionship","Contender","Pool","Uh Oh","Friedeman/U'Wren","Ty Fields","Zak Kovatch","Zeke Friedeman","Jacob U'Wren",18,21
"thepeopleschampionship","Contender","Pool","Hometown Advantage","White and brown","Drew Martin","Josiah Bontrager","William White","Kishore Natchiappan",21,19
"thepeopleschampionship","Contender","Pool","Monty/Dhankani","Hamburger no meat","Arjun Dhankani","Nathan Montgomery","Yanai Hamel-Sasson","Chris Hartings",21,12
"thepeopleschampionship","Contender","Pool","Walang Kultura","Backhands for Breakfast","Jason Inumerable","Andrew Perez","John Clark","Tahseen Robbani",21,12
"thepeopleschampionship","Contender","Pool","TNT ðŸ§¨","Pocket Aces (Navy)","Thomas Troyer","Zachary Troyer","Marty Merigold","Kenny Velu",19,21
"thepeopleschampionship","Contender","Pool","FCR No Left","Biggie & Smalls","Mo ElMoursi","Jake Choi","Garrett Duncan","Conrad Korte",21,16
"thepeopleschampionship","Contender","Pool","Get Milked","FCR ICEBERGS","Izayah Gibson","Drew Banziger","Isaiah Bergsma","Nelson Bergsma",21,15
"thepeopleschampionship","Contender","Pool","Not athletic","STYLEBENDERS","Kai Zafren","Matt Sak","Cole Fankhauser","noah perrin",21,6
"thepeopleschampionship","Contender","Pool","Pocket Aces","Washed","Jack Bush","lucas klopfenstein","Nic Dewey","Max Billinghurst",21,17
"thepeopleschampionship","Contender","Pool","Diddly Obama","The In-Laws","Corey Schneck","Louie Simbajon","Brian Bailey","Justin Winn",21,14
"thepeopleschampionship","Contender","Pool","Scooby Smacks","Zorbin","Jayden Simonian","Caleb Ciner","Zach M","Korbin Thompson",21,19
"thepeopleschampionship","Contender","Pool","Cave Talk","Team Buzz","Alex Perkins","Ryan Juenger","Lance Markowitz","Macy Pinsonneault",21,23
"thepeopleschampionship","Contender","Pool","Shed Bros","Lobstars","Nathan Ward","Spencer Weber","Isabella Bippus","Kevin Lui",21,8
"thepeopleschampionship","Contender","Pool","Hometown Advantage","Friedeman/U'Wren","Drew Martin","Josiah Bontrager","Zeke Friedeman","Jacob U'Wren",13,21
"thepeopleschampionship","Contender","Pool","Super Spike Bros","White and brown","Carter Louisell","Ethan Morello","William White","Kishore Natchiappan",18,21
"thepeopleschampionship","Contender","Pool","Walang Kultura","Hamburger no meat","Jason Inumerable","Andrew Perez","Yanai Hamel-Sasson","Chris Hartings",21,13
"thepeopleschampionship","Contender","Pool","Soup Boys","Backhands for Breakfast","Luke Nemec","Johnnie Teng","John Clark","Tahseen Robbani",20,22
"thepeopleschampionship","Contender","Pool","FCR No Left","Pocket Aces (Navy)","Mo ElMoursi","Jake Choi","Marty Merigold","Kenny Velu",13,21
"thepeopleschampionship","Contender","Pool","Mango Cart","Biggie & Smalls","Mitchell Grosteffon","Mason Evans","Garrett Duncan","Conrad Korte",21,15
"thepeopleschampionship","Contender","Pool","Not athletic","FCR ICEBERGS","Kai Zafren","Matt Sak","Isaiah Bergsma","Nelson Bergsma",20,22
"thepeopleschampionship","Contender","Pool","Cleveland spikes","STYLEBENDERS","Tate Geiser","Trysten Zahoransky","Cole Fankhauser","noah perrin",21,7
"thepeopleschampionship","Contender","Pool","Diddly Obama","Washed","Corey Schneck","Louie Simbajon","Nic Dewey","Max Billinghurst",21,18
"thepeopleschampionship","Contender","Pool","The Brits","The In-Laws","Nathaniel Frieswyk","Maxwell King","Brian Bailey","Justin Winn",21,16
"thepeopleschampionship","Contender","Pool","Scooby Smacks","Shed Bros","Jayden Simonian","Caleb Ciner","Nathan Ward","Spencer Weber",14,21
"thepeopleschampionship","Contender","Pool","Cave Talk","Zorbin","Alex Perkins","Ryan Juenger","Zach M","Korbin Thompson",16,21
"thepeopleschampionship","Contender","Pool","Lobstars","Team Buzz","Isabella Bippus","Kevin Lui","Lance Markowitz","Macy Pinsonneault",11,21
"thepeopleschampionship","Contender","Pool","Uh Oh","Hometown Advantage","Ty Fields","Zak Kovatch","Drew Martin","Josiah Bontrager",21,10
"thepeopleschampionship","Contender","Pool","Friedeman/U'Wren","Super Spike Bros","Zeke Friedeman","Jacob U'Wren","Carter Louisell","Ethan Morello",21,10
"thepeopleschampionship","Contender","Pool","Monty/Dhankani","Walang Kultura","Arjun Dhankani","Nathan Montgomery","Jason Inumerable","Andrew Perez",21,14
"thepeopleschampionship","Contender","Pool","Hamburger no meat","Soup Boys","Yanai Hamel-Sasson","Chris Hartings","Luke Nemec","Johnnie Teng",21,19
"thepeopleschampionship","Contender","Pool","TNT ðŸ§¨","FCR No Left","Thomas Troyer","Zachary Troyer","Mo ElMoursi","Jake Choi",21,19
"thepeopleschampionship","Contender","Pool","Pocket Aces (Navy)","Mango Cart","Marty Merigold","Kenny Velu","Mitchell Grosteffon","Mason Evans",21,12
"thepeopleschampionship","Contender","Pool","Get Milked","Not athletic","Izayah Gibson","Drew Banziger","Kai Zafren","Matt Sak",21,19
"thepeopleschampionship","Contender","Pool","FCR ICEBERGS","Cleveland spikes","Isaiah Bergsma","Nelson Bergsma","Tate Geiser","Trysten Zahoransky",21,19
"thepeopleschampionship","Contender","Pool","Pocket Aces","Diddly Obama","Jack Bush","lucas klopfenstein","Corey Schneck","Louie Simbajon",21,14
"thepeopleschampionship","Contender","Pool","Washed","The Brits","Nic Dewey","Max Billinghurst","Nathaniel Frieswyk","Maxwell King",21,15
"thepeopleschampionship","Contender","Pool","Scooby Smacks","Cave Talk","Jayden Simonian","Caleb Ciner","Alex Perkins","Ryan Juenger",21,19
"thepeopleschampionship","Contender","Pool","Shed Bros","Team Buzz","Nathan Ward","Spencer Weber","Lance Markowitz","Macy Pinsonneault",21,15
"thepeopleschampionship","Contender","Pool","Zorbin","Lobstars","Zach M","Korbin Thompson","Isabella Bippus","Kevin Lui",21,8
"thepeopleschampionship","Contender","Round of 32","Pocket Aces","Lobstars","Jack Bush","lucas klopfenstein","Isabella Bippus","Kevin Lui",0,-1
"thepeopleschampionship","Contender","Round of 32","Pocket Aces","Lobstars","Jack Bush","lucas klopfenstein","Isabella Bippus","Kevin Lui",0,-1
"thepeopleschampionship","Contender","Round of 32","Get Milked","STYLEBENDERS","Izayah Gibson","Drew Banziger","Cole Fankhauser","noah perrin",21,19
"thepeopleschampionship","Contender","Round of 32","Get Milked","STYLEBENDERS","Izayah Gibson","Drew Banziger","Cole Fankhauser","noah perrin",21,10
"thepeopleschampionship","Contender","Round of 32","Friedeman/U'Wren","Super Spike Bros","Zeke Friedeman","Jacob U'Wren","Carter Louisell","Ethan Morello",21,9
"thepeopleschampionship","Contender","Round of 32","Friedeman/U'Wren","Super Spike Bros","Zeke Friedeman","Jacob U'Wren","Carter Louisell","Ethan Morello",21,15
"thepeopleschampionship","Contender","Round of 32","Shed Bros","The In-Laws","Nathan Ward","Spencer Weber","Brian Bailey","Justin Winn",21,16
"thepeopleschampionship","Contender","Round of 32","Shed Bros","The In-Laws","Nathan Ward","Spencer Weber","Brian Bailey","Justin Winn",21,16
"thepeopleschampionship","Contender","Round of 32","Pocket Aces (Navy)","Biggie & Smalls","Marty Merigold","Kenny Velu","Garrett Duncan","Conrad Korte",21,13
"thepeopleschampionship","Contender","Round of 32","Pocket Aces (Navy)","Biggie & Smalls","Marty Merigold","Kenny Velu","Garrett Duncan","Conrad Korte",21,17
"thepeopleschampionship","Contender","Round of 32","Scooby Smacks","Soup Boys","Jayden Simonian","Caleb Ciner","Luke Nemec","Johnnie Teng",17,21
"thepeopleschampionship","Contender","Round of 32","Scooby Smacks","Soup Boys","Jayden Simonian","Caleb Ciner","Luke Nemec","Johnnie Teng",21,19
"thepeopleschampionship","Contender","Round of 32","Scooby Smacks","Soup Boys","Jayden Simonian","Caleb Ciner","Luke Nemec","Johnnie Teng",21,18
"thepeopleschampionship","Contender","Round of 32","Uh Oh","Cave Talk","Ty Fields","Zak Kovatch","Alex Perkins","Ryan Juenger",21,17
"thepeopleschampionship","Contender","Round of 32","Uh Oh","Cave Talk","Ty Fields","Zak Kovatch","Alex Perkins","Ryan Juenger",21,17
"thepeopleschampionship","Contender","Round of 32","TNT ðŸ§¨","The Brits","Thomas Troyer","Zachary Troyer","Nathaniel Frieswyk","Maxwell King",21,11
"thepeopleschampionship","Contender","Round of 32","TNT ðŸ§¨","The Brits","Thomas Troyer","Zachary Troyer","Nathaniel Frieswyk","Maxwell King",21,18
"thepeopleschampionship","Contender","Round of 32","Diddly Obama","Mango Cart","Corey Schneck","Louie Simbajon","Mitchell Grosteffon","Mason Evans",21,16
"thepeopleschampionship","Contender","Round of 32","Diddly Obama","Mango Cart","Corey Schneck","Louie Simbajon","Mitchell Grosteffon","Mason Evans",21,17
"thepeopleschampionship","Contender","Round of 32","Walang Kultura","White and brown","Jason Inumerable","Andrew Perez","William White","Kishore Natchiappan",21,17
"thepeopleschampionship","Contender","Round of 32","Walang Kultura","White and brown","Jason Inumerable","Andrew Perez","William White","Kishore Natchiappan",21,16
"thepeopleschampionship","Contender","Round of 32","FCR ICEBERGS","Hamburger no meat","Isaiah Bergsma","Nelson Bergsma","Yanai Hamel-Sasson","Chris Hartings",1,0
"thepeopleschampionship","Contender","Round of 32","FCR ICEBERGS","Hamburger no meat","Isaiah Bergsma","Nelson Bergsma","Yanai Hamel-Sasson","Chris Hartings",0,-1
"thepeopleschampionship","Contender","Round of 32","Team Buzz","Cleveland spikes","Lance Markowitz","Macy Pinsonneault","Tate Geiser","Trysten Zahoransky",21,19
"thepeopleschampionship","Contender","Round of 32","Team Buzz","Cleveland spikes","Lance Markowitz","Macy Pinsonneault","Tate Geiser","Trysten Zahoransky",16,21
"thepeopleschampionship","Contender","Round of 32","Team Buzz","Cleveland spikes","Lance Markowitz","Macy Pinsonneault","Tate Geiser","Trysten Zahoransky",21,15
"thepeopleschampionship","Contender","Round of 32","Not athletic","Zorbin","Kai Zafren","Matt Sak","Zach M","Korbin Thompson",27,25
"thepeopleschampionship","Contender","Round of 32","Not athletic","Zorbin","Kai Zafren","Matt Sak","Zach M","Korbin Thompson",19,21
"thepeopleschampionship","Contender","Round of 32","Not athletic","Zorbin","Kai Zafren","Matt Sak","Zach M","Korbin Thompson",21,15
"thepeopleschampionship","Contender","Round of 32","Washed","Backhands for Breakfast","Nic Dewey","Max Billinghurst","John Clark","Tahseen Robbani",21,18
"thepeopleschampionship","Contender","Round of 32","Washed","Backhands for Breakfast","Nic Dewey","Max Billinghurst","John Clark","Tahseen Robbani",21,13
"thepeopleschampionship","Contender","Round of 32","FCR No Left","Hometown Advantage","Mo ElMoursi","Jake Choi","Drew Martin","Josiah Bontrager",22,20
"thepeopleschampionship","Contender","Round of 32","FCR No Left","Hometown Advantage","Mo ElMoursi","Jake Choi","Drew Martin","Josiah Bontrager",18,21
"thepeopleschampionship","Contender","Round of 32","FCR No Left","Hometown Advantage","Mo ElMoursi","Jake Choi","Drew Martin","Josiah Bontrager",23,21
"thepeopleschampionship","Contender","Round of 16","Monty/Dhankani","FCR No Left","Arjun Dhankani","Nathan Montgomery","Mo ElMoursi","Jake Choi",21,13
"thepeopleschampionship","Contender","Round of 16","Monty/Dhankani","FCR No Left","Arjun Dhankani","Nathan Montgomery","Mo ElMoursi","Jake Choi",21,17
"thepeopleschampionship","Contender","Round of 16","Pocket Aces","Washed","Jack Bush","lucas klopfenstein","Nic Dewey","Max Billinghurst",21,19
"thepeopleschampionship","Contender","Round of 16","Pocket Aces","Washed","Jack Bush","lucas klopfenstein","Nic Dewey","Max Billinghurst",21,17
"thepeopleschampionship","Contender","Round of 16","Get Milked","Not athletic","Izayah Gibson","Drew Banziger","Kai Zafren","Matt Sak",21,18
"thepeopleschampionship","Contender","Round of 16","Get Milked","Not athletic","Izayah Gibson","Drew Banziger","Kai Zafren","Matt Sak",21,9
"thepeopleschampionship","Contender","Round of 16","Friedeman/U'Wren","Team Buzz","Zeke Friedeman","Jacob U'Wren","Lance Markowitz","Macy Pinsonneault",21,14
"thepeopleschampionship","Contender","Round of 16","Friedeman/U'Wren","Team Buzz","Zeke Friedeman","Jacob U'Wren","Lance Markowitz","Macy Pinsonneault",21,13
"thepeopleschampionship","Contender","Round of 16","Shed Bros","FCR ICEBERGS","Nathan Ward","Spencer Weber","Isaiah Bergsma","Nelson Bergsma",1,0
"thepeopleschampionship","Contender","Round of 16","Shed Bros","FCR ICEBERGS","Nathan Ward","Spencer Weber","Isaiah Bergsma","Nelson Bergsma",0,1
"thepeopleschampionship","Contender","Round of 16","Shed Bros","FCR ICEBERGS","Nathan Ward","Spencer Weber","Isaiah Bergsma","Nelson Bergsma",1,0
"thepeopleschampionship","Contender","Round of 16","Pocket Aces (Navy)","Walang Kultura","Marty Merigold","Kenny Velu","Jason Inumerable","Andrew Perez",21,17
"thepeopleschampionship","Contender","Round of 16","Pocket Aces (Navy)","Walang Kultura","Marty Merigold","Kenny Velu","Jason Inumerable","Andrew Perez",21,17
"thepeopleschampionship","Contender","Round of 16","Scooby Smacks","Diddly Obama","Jayden Simonian","Caleb Ciner","Corey Schneck","Louie Simbajon",14,21
"thepeopleschampionship","Contender","Round of 16","Scooby Smacks","Diddly Obama","Jayden Simonian","Caleb Ciner","Corey Schneck","Louie Simbajon",16,21
"thepeopleschampionship","Contender","Round of 16","Uh Oh","TNT ðŸ§¨","Ty Fields","Zak Kovatch","Thomas Troyer","Zachary Troyer",21,18
"thepeopleschampionship","Contender","Round of 16","Uh Oh","TNT ðŸ§¨","Ty Fields","Zak Kovatch","Thomas Troyer","Zachary Troyer",18,21
"thepeopleschampionship","Contender","Round of 16","Uh Oh","TNT ðŸ§¨","Ty Fields","Zak Kovatch","Thomas Troyer","Zachary Troyer",21,19
"thepeopleschampionship","Contender","P17: Round of 16","Backhands for Breakfast","Lobstars","John Clark","Tahseen Robbani","Isabella Bippus","Kevin Lui",1,0
"thepeopleschampionship","Contender","P17: Round of 16","Backhands for Breakfast","Lobstars","John Clark","Tahseen Robbani","Isabella Bippus","Kevin Lui",1,0
"thepeopleschampionship","Contender","P17: Round of 16","White and brown","Biggie & Smalls","William White","Kishore Natchiappan","Garrett Duncan","Conrad Korte",1,0
"thepeopleschampionship","Contender","P17: Round of 16","White and brown","Biggie & Smalls","William White","Kishore Natchiappan","Garrett Duncan","Conrad Korte",1,0
"thepeopleschampionship","Contender","P17: Round of 16","Mango Cart","Soup Boys","Mitchell Grosteffon","Mason Evans","Luke Nemec","Johnnie Teng",0,1
"thepeopleschampionship","Contender","P17: Round of 16","Mango Cart","Soup Boys","Mitchell Grosteffon","Mason Evans","Luke Nemec","Johnnie Teng",0,1
"thepeopleschampionship","Contender","Quarter-final","Monty/Dhankani","Uh Oh","Arjun Dhankani","Nathan Montgomery","Ty Fields","Zak Kovatch",21,13
"thepeopleschampionship","Contender","Quarter-final","Monty/Dhankani","Uh Oh","Arjun Dhankani","Nathan Montgomery","Ty Fields","Zak Kovatch",21,15
"thepeopleschampionship","Contender","Quarter-final","Pocket Aces","Diddly Obama","Jack Bush","lucas klopfenstein","Corey Schneck","Louie Simbajon",21,15
"thepeopleschampionship","Contender","Quarter-final","Pocket Aces","Diddly Obama","Jack Bush","lucas klopfenstein","Corey Schneck","Louie Simbajon",21,15
"thepeopleschampionship","Contender","Quarter-final","Get Milked","Pocket Aces (Navy)","Izayah Gibson","Drew Banziger","Marty Merigold","Kenny Velu",21,12
"thepeopleschampionship","Contender","Quarter-final","Get Milked","Pocket Aces (Navy)","Izayah Gibson","Drew Banziger","Marty Merigold","Kenny Velu",21,17
"thepeopleschampionship","Contender","Quarter-final","Friedeman/U'Wren","Shed Bros","Zeke Friedeman","Jacob U'Wren","Nathan Ward","Spencer Weber",24,22
"thepeopleschampionship","Contender","Quarter-final","Friedeman/U'Wren","Shed Bros","Zeke Friedeman","Jacob U'Wren","Nathan Ward","Spencer Weber",23,21
"thepeopleschampionship","Contender","P9: Quarter-final","TNT ðŸ§¨","FCR No Left","Thomas Troyer","Zachary Troyer","Mo ElMoursi","Jake Choi",-1,0
"thepeopleschampionship","Contender","P9: Quarter-final","TNT ðŸ§¨","FCR No Left","Thomas Troyer","Zachary Troyer","Mo ElMoursi","Jake Choi",-1,0
"thepeopleschampionship","Contender","P9: Quarter-final","Scooby Smacks","Washed","Jayden Simonian","Caleb Ciner","Nic Dewey","Max Billinghurst",1,0
"thepeopleschampionship","Contender","P9: Quarter-final","Scooby Smacks","Washed","Jayden Simonian","Caleb Ciner","Nic Dewey","Max Billinghurst",1,0
"thepeopleschampionship","Contender","P9: Quarter-final","Walang Kultura","Not athletic","Jason Inumerable","Andrew Perez","Kai Zafren","Matt Sak",16,21
"thepeopleschampionship","Contender","P9: Quarter-final","Walang Kultura","Not athletic","Jason Inumerable","Andrew Perez","Kai Zafren","Matt Sak",14,21
"thepeopleschampionship","Contender","P9: Quarter-final","FCR ICEBERGS","Team Buzz","Isaiah Bergsma","Nelson Bergsma","Lance Markowitz","Macy Pinsonneault",19,21
"thepeopleschampionship","Contender","P9: Quarter-final","FCR ICEBERGS","Team Buzz","Isaiah Bergsma","Nelson Bergsma","Lance Markowitz","Macy Pinsonneault",-1,0
"thepeopleschampionship","Contender","P17: Quarter-final","Backhands for Breakfast","Soup Boys","John Clark","Tahseen Robbani","Luke Nemec","Johnnie Teng",21,18
"thepeopleschampionship","Contender","P17: Quarter-final","Backhands for Breakfast","Soup Boys","John Clark","Tahseen Robbani","Luke Nemec","Johnnie Teng",1,0
"thepeopleschampionship","Contender","Semi-final","Monty/Dhankani","Friedeman/U'Wren","Arjun Dhankani","Nathan Montgomery","Zeke Friedeman","Jacob U'Wren",19,21
"thepeopleschampionship","Contender","Semi-final","Monty/Dhankani","Friedeman/U'Wren","Arjun Dhankani","Nathan Montgomery","Zeke Friedeman","Jacob U'Wren",21,18
"thepeopleschampionship","Contender","Semi-final","Monty/Dhankani","Friedeman/U'Wren","Arjun Dhankani","Nathan Montgomery","Zeke Friedeman","Jacob U'Wren",16,21
"thepeopleschampionship","Contender","Semi-final","Pocket Aces","Get Milked","Jack Bush","lucas klopfenstein","Izayah Gibson","Drew Banziger",21,19
"thepeopleschampionship","Contender","Semi-final","Pocket Aces","Get Milked","Jack Bush","lucas klopfenstein","Izayah Gibson","Drew Banziger",22,20
"thepeopleschampionship","Contender","P9: Semi-final","FCR No Left","Team Buzz","Mo ElMoursi","Jake Choi","Lance Markowitz","Macy Pinsonneault",16,21
"thepeopleschampionship","Contender","P9: Semi-final","FCR No Left","Team Buzz","Mo ElMoursi","Jake Choi","Lance Markowitz","Macy Pinsonneault",-1,0
"thepeopleschampionship","Contender","P9: Semi-final","Scooby Smacks","Not athletic","Jayden Simonian","Caleb Ciner","Kai Zafren","Matt Sak",0,1
"thepeopleschampionship","Contender","P9: Semi-final","Scooby Smacks","Not athletic","Jayden Simonian","Caleb Ciner","Kai Zafren","Matt Sak",0,1
"thepeopleschampionship","Contender","P13: Semi-final","FCR ICEBERGS","TNT ðŸ§¨","Isaiah Bergsma","Nelson Bergsma","Thomas Troyer","Zachary Troyer",0,-1
"thepeopleschampionship","Contender","P13: Semi-final","FCR ICEBERGS","TNT ðŸ§¨","Isaiah Bergsma","Nelson Bergsma","Thomas Troyer","Zachary Troyer",0,-1
"thepeopleschampionship","Contender","Final","Friedeman/U'Wren","Pocket Aces","Zeke Friedeman","Jacob U'Wren","Jack Bush","lucas klopfenstein",22,20
"thepeopleschampionship","Contender","Final","Friedeman/U'Wren","Pocket Aces","Zeke Friedeman","Jacob U'Wren","Jack Bush","lucas klopfenstein",21,19
"thepeopleschampionship","Contender","P3: Final","Get Milked","Monty/Dhankani","Izayah Gibson","Drew Banziger","Arjun Dhankani","Nathan Montgomery",17,21
"thepeopleschampionship","Contender","P3: Final","Get Milked","Monty/Dhankani","Izayah Gibson","Drew Banziger","Arjun Dhankani","Nathan Montgomery",19,22
"thepeopleschampionship","Contender","P9: Final","Team Buzz","Not athletic","Lance Markowitz","Macy Pinsonneault","Kai Zafren","Matt Sak",0,1
"thepeopleschampionship","Contender","P9: Final","Team Buzz","Not athletic","Lance Markowitz","Macy Pinsonneault","Kai Zafren","Matt Sak",0,1
"thepeopleschampionship","Intermediate","Pool","Senzu Beans","Voyager","Nate Vargo","Robin Wolschendorf","Nathaniel Morris","Colin Prior",21,5
"thepeopleschampionship","Intermediate","Pool","BALLSONYA","Wonder Twins","George Drallos","Chandler Oaks","Emerson Kekhoua","Benjamin Kekhoua",21,17
"thepeopleschampionship","Intermediate","Pool","Cann-do","Sultans of S.W.A.T.","Nathan Warner","Rob C","Mitch Hulyk","Bill Maher",21,10
"thepeopleschampionship","Intermediate","Pool","Double Support","Fourplay","Camden Craighead","Ryan Haggenjos","Kevin Anthony","David Innis",21,16
"thepeopleschampionship","Intermediate","Pool","Senzu Beans","Wonder Twins","Nate Vargo","Robin Wolschendorf","Emerson Kekhoua","Benjamin Kekhoua",21,15
"thepeopleschampionship","Intermediate","Pool","BALLSONYA","Fourplay","George Drallos","Chandler Oaks","Kevin Anthony","David Innis",21,9
"thepeopleschampionship","Intermediate","Pool","Cann-do","Chunky Monkey","Nathan Warner","Rob C","Jay Cubitt","Weston Motloch",13,21
"thepeopleschampionship","Intermediate","Pool","Sultans of S.W.A.T.","Voyager","Mitch Hulyk","Bill Maher","Nathaniel Morris","Colin Prior",21,16
"thepeopleschampionship","Intermediate","Pool","Senzu Beans","Sultans of S.W.A.T.","Nate Vargo","Robin Wolschendorf","Mitch Hulyk","Bill Maher",21,16
"thepeopleschampionship","Intermediate","Pool","Cann-do","Double Support","Nathan Warner","Rob C","Camden Craighead","Ryan Haggenjos",21,8
"thepeopleschampionship","Intermediate","Pool","Chunky Monkey","Voyager","Jay Cubitt","Weston Motloch","Nathaniel Morris","Colin Prior",21,6
"thepeopleschampionship","Intermediate","Pool","Fourplay","Wonder Twins","Kevin Anthony","David Innis","Emerson Kekhoua","Benjamin Kekhoua",12,21
"thepeopleschampionship","Intermediate","Pool","Senzu Beans","Fourplay","Nate Vargo","Robin Wolschendorf","Kevin Anthony","David Innis",21,14
"thepeopleschampionship","Intermediate","Pool","BALLSONYA","Cann-do","George Drallos","Chandler Oaks","Nathan Warner","Rob C",21,16
"thepeopleschampionship","Intermediate","Pool","Double Support","Voyager","Camden Craighead","Ryan Haggenjos","Nathaniel Morris","Colin Prior",19,21
"thepeopleschampionship","Intermediate","Pool","Chunky Monkey","Sultans of S.W.A.T.","Jay Cubitt","Weston Motloch","Mitch Hulyk","Bill Maher",21,15
"thepeopleschampionship","Intermediate","Pool","Senzu Beans","Chunky Monkey","Nate Vargo","Robin Wolschendorf","Jay Cubitt","Weston Motloch",21,18
"thepeopleschampionship","Intermediate","Pool","BALLSONYA","Voyager","George Drallos","Chandler Oaks","Nathaniel Morris","Colin Prior",21,10
"thepeopleschampionship","Intermediate","Pool","Cann-do","Wonder Twins","Nathan Warner","Rob C","Emerson Kekhoua","Benjamin Kekhoua",21,23
"thepeopleschampionship","Intermediate","Pool","Double Support","Sultans of S.W.A.T.","Camden Craighead","Ryan Haggenjos","Mitch Hulyk","Bill Maher",12,21
"thepeopleschampionship","Intermediate","Pool","BALLSONYA","Sultans of S.W.A.T.","George Drallos","Chandler Oaks","Mitch Hulyk","Bill Maher",22,20
"thepeopleschampionship","Intermediate","Pool","Cann-do","Fourplay","Nathan Warner","Rob C","Kevin Anthony","David Innis",21,15
"thepeopleschampionship","Intermediate","Pool","Double Support","Chunky Monkey","Camden Craighead","Ryan Haggenjos","Jay Cubitt","Weston Motloch",18,21
"thepeopleschampionship","Intermediate","Pool","Wonder Twins","Voyager","Emerson Kekhoua","Benjamin Kekhoua","Nathaniel Morris","Colin Prior",21,8
"thepeopleschampionship","Intermediate","Pool","Senzu Beans","Double Support","Nate Vargo","Robin Wolschendorf","Camden Craighead","Ryan Haggenjos",21,16
"thepeopleschampionship","Intermediate","Pool","BALLSONYA","Chunky Monkey","George Drallos","Chandler Oaks","Jay Cubitt","Weston Motloch",14,21
"thepeopleschampionship","Intermediate","Pool","Fourplay","Voyager","Kevin Anthony","David Innis","Nathaniel Morris","Colin Prior",21,12
"thepeopleschampionship","Intermediate","Pool","Sultans of S.W.A.T.","Wonder Twins","Mitch Hulyk","Bill Maher","Emerson Kekhoua","Benjamin Kekhoua",15,21
"thepeopleschampionship","Intermediate","Pool","Senzu Beans","Cann-do","Nate Vargo","Robin Wolschendorf","Nathan Warner","Rob C",25,24
"thepeopleschampionship","Intermediate","Pool","BALLSONYA","Double Support","George Drallos","Chandler Oaks","Camden Craighead","Ryan Haggenjos",21,16
"thepeopleschampionship","Intermediate","Pool","Chunky Monkey","Wonder Twins","Jay Cubitt","Weston Motloch","Emerson Kekhoua","Benjamin Kekhoua",21,16
"thepeopleschampionship","Intermediate","Pool","Fourplay","Sultans of S.W.A.T.","Kevin Anthony","David Innis","Mitch Hulyk","Bill Maher",12,21
"thepeopleschampionship","Intermediate","Pool","Senzu Beans","BALLSONYA","Nate Vargo","Robin Wolschendorf","George Drallos","Chandler Oaks",21,18
"thepeopleschampionship","Intermediate","Pool","Cann-do","Voyager","Nathan Warner","Rob C","Nathaniel Morris","Colin Prior",21,9
"thepeopleschampionship","Intermediate","Pool","Double Support","Wonder Twins","Camden Craighead","Ryan Haggenjos","Emerson Kekhoua","Benjamin Kekhoua",17,21
"thepeopleschampionship","Intermediate","Pool","Chunky Monkey","Fourplay","Jay Cubitt","Weston Motloch","Kevin Anthony","David Innis",21,10
"thepeopleschampionship","Intermediate","Round of 16","Fourplay","Voyager","Kevin Anthony","David Innis","Nathaniel Morris","Colin Prior",17,21
"thepeopleschampionship","Intermediate","Round of 16","Fourplay","Voyager","Kevin Anthony","David Innis","Nathaniel Morris","Colin Prior",21,11
"thepeopleschampionship","Intermediate","Round of 16","Fourplay","Voyager","Kevin Anthony","David Innis","Nathaniel Morris","Colin Prior",21,19
"thepeopleschampionship","Intermediate","Quarter-final","Senzu Beans","Fourplay","Nate Vargo","Robin Wolschendorf","Kevin Anthony","David Innis",21,14
"thepeopleschampionship","Intermediate","Quarter-final","Senzu Beans","Fourplay","Nate Vargo","Robin Wolschendorf","Kevin Anthony","David Innis",22,20
"thepeopleschampionship","Intermediate","Quarter-final","Chunky Monkey","Double Support","Jay Cubitt","Weston Motloch","Camden Craighead","Ryan Haggenjos",21,16
"thepeopleschampionship","Intermediate","Quarter-final","Chunky Monkey","Double Support","Jay Cubitt","Weston Motloch","Camden Craighead","Ryan Haggenjos",21,16
"thepeopleschampionship","Intermediate","Quarter-final","BALLSONYA","Sultans of S.W.A.T.","George Drallos","Chandler Oaks","Mitch Hulyk","Bill Maher",18,21
"thepeopleschampionship","Intermediate","Quarter-final","BALLSONYA","Sultans of S.W.A.T.","George Drallos","Chandler Oaks","Mitch Hulyk","Bill Maher",21,16
"thepeopleschampionship","Intermediate","Quarter-final","BALLSONYA","Sultans of S.W.A.T.","George Drallos","Chandler Oaks","Mitch Hulyk","Bill Maher",21,14
"thepeopleschampionship","Intermediate","Quarter-final","Wonder Twins","Cann-do","Emerson Kekhoua","Benjamin Kekhoua","Nathan Warner","Rob C",10,21
"thepeopleschampionship","Intermediate","Quarter-final","Wonder Twins","Cann-do","Emerson Kekhoua","Benjamin Kekhoua","Nathan Warner","Rob C",21,23
"thepeopleschampionship","Intermediate","Semi-final","Senzu Beans","Cann-do","Nate Vargo","Robin Wolschendorf","Nathan Warner","Rob C",21,18
"thepeopleschampionship","Intermediate","Semi-final","Senzu Beans","Cann-do","Nate Vargo","Robin Wolschendorf","Nathan Warner","Rob C",20,22
"thepeopleschampionship","Intermediate","Semi-final","Senzu Beans","Cann-do","Nate Vargo","Robin Wolschendorf","Nathan Warner","Rob C",19,21
"thepeopleschampionship","Intermediate","Semi-final","Chunky Monkey","BALLSONYA","Jay Cubitt","Weston Motloch","George Drallos","Chandler Oaks",17,21
"thepeopleschampionship","Intermediate","Semi-final","Chunky Monkey","BALLSONYA","Jay Cubitt","Weston Motloch","George Drallos","Chandler Oaks",19,21
"thepeopleschampionship","Intermediate","Final","Cann-do","BALLSONYA","Nathan Warner","Rob C","George Drallos","Chandler Oaks",17,21
"thepeopleschampionship","Intermediate","Final","Cann-do","BALLSONYA","Nathan Warner","Rob C","George Drallos","Chandler Oaks",21,17
"thepeopleschampionship","Intermediate","Final","Cann-do","BALLSONYA","Nathan Warner","Rob C","George Drallos","Chandler Oaks",21,16
"thepeopleschampionship","Intermediate","P3: Final","Chunky Monkey","Senzu Beans","Jay Cubitt","Weston Motloch","Nate Vargo","Robin Wolschendorf",15,21
"thepeopleschampionship","Intermediate","P3: Final","Chunky Monkey","Senzu Beans","Jay Cubitt","Weston Motloch","Nate Vargo","Robin Wolschendorf",17,21
