Stage,Division,Group/Bracket,Round,Match format,Team A,Team B,Winning team,Game 1 - Score team A,Game 1 - Score team B,Game 2 - Score team A,Game 2 - Score team B,Game 3 - Score team A,Game 3 - Score team B,Team A - Player 1,Team A - Player 2,Team B - Player 1,Team B - Player 2
Pool Play,Expert 5.0+,Group A,1,Single game,Muscle Mommy,skill issue,Muscle Mommy,21,17,,,,,Noah Luskus,Blake Bosak,Kyan Kornfeld,Nickhil Anantha
Pool Play,Expert 5.0+,Group A,1,Single game,Rhoad work,Premier Rizz,Rhoad work,21,19,,,,,Andrew Kosche,Jason Rhoads,Nathaniel Schrag,Ryan McCargar
Pool Play,Expert 5.0+,Group A,1,Single game,"Acing John Choi is the best feeling ",Orange Dream,"Acing John Choi is the best feeling ",21,14,,,,,Matt Ortlip,Ethan Zehr,Archie Powell,Warner Curtis
Pool Play,Expert 5.0+,Group B,1,Single game,Lazier,Dialed,Lazier,24,22,,,,,Cade Larson,fredric hinkle,Josh Cain,Luke Pennington
Pool Play,Expert 5.0+,Group B,1,Single game,WySpike Synergy,Capobianco/Sandberg,WySpike Synergy,21,18,,,,,Matthew Burrows,Nick Noguez,Michael Capobianco,Camden Sandberg
Pool Play,Expert 5.0+,Group B,1,Single game,Bad Habit,Dylan,Bad Habit,22,20,,,,,Cole Maddox,Kieran Rose,Dylan Bricker,Dylan Medveal
Pool Play,Expert 5.0+,Group C,1,Single game,Cigar Boys,AZR Rice Babes,Cigar Boys,21,11,,,,,Dan Abrams,Grant Laughlin,Tayt Rogers,Aidan Mackey
Pool Play,Expert 5.0+,Group C,1,Single game,Three Crowns,Ankle Issues,Three Crowns,21,12,,,,,Warren Foote,Samuel Buckman,Noah Saddik,Erik Faeustle
Pool Play,Expert 5.0+,Group C,1,Single game,"David GOONzales ",Gumbies,Gumbies,21,23,,,,,Jacob Martinez,Schon Siguenza,Bram Declercq,Dean Wasil
Pool Play,Expert 5.0+,Group D,1,Single game,Woooooo,Bizzy Bizzy,Woooooo,21,17,,,,,Nick Wideman,Etienne Cote,Benjamin Banuelos,Cory Chilton
Pool Play,Expert 5.0+,Group D,1,Single game,Prophecy,Royal Flush,Prophecy,21,15,,,,,Andrew Christmas,Caleb Cummings,Jake LeBaron,Bryant Karratti
Pool Play,Expert 5.0+,Group D,1,Single game,stinky,Stay Brown,Stay Brown,16,21,,,,,Lucas Pruett,tucker judkins,Drew Cummins,Brandon Brown
Pool Play,Expert 5.0+,Group E,1,Single game,Rain or Shine,In Due Time,Rain or Shine,21,15,,,,,Evan Denny,Malachi Espinola,Tim Gaskin,Michael Du
Pool Play,Expert 5.0+,Group E,1,Single game,Endgame,"Acing Ethan and Matt is the best ",Endgame,21,10,,,,,Trevor Barbosa,Josh Fragiacomo,John Choi,Clifton Miller
Pool Play,Expert 5.0+,Group E,1,Single game,Jesus Swept.,Taylor and Xande,Taylor and Xande,17,21,,,,,Jalen Butkus,Solomon Berry,Taylor Church,Xande Plaisted
Pool Play,Expert 5.0+,Group A,2,Single game,Muscle Mommy,Premier Rizz,Muscle Mommy,21,7,,,,,Noah Luskus,Blake Bosak,Nathaniel Schrag,Ryan McCargar
Pool Play,Expert 5.0+,Group A,2,Single game,Rhoad work,"Acing John Choi is the best feeling ",Rhoad work,25,24,,,,,Andrew Kosche,Jason Rhoads,Matt Ortlip,Ethan Zehr
Pool Play,Expert 5.0+,Group A,2,Single game,Orange Dream,skill issue,skill issue,20,22,,,,,Archie Powell,Warner Curtis,Kyan Kornfeld,Nickhil Anantha
Pool Play,Expert 5.0+,Group B,2,Single game,Lazier,Capobianco/Sandberg,Lazier,21,18,,,,,Cade Larson,fredric hinkle,Michael Capobianco,Camden Sandberg
Pool Play,Expert 5.0+,Group B,2,Single game,WySpike Synergy,Bad Habit,WySpike Synergy,21,17,,,,,Matthew Burrows,Nick Noguez,Cole Maddox,Kieran Rose
Pool Play,Expert 5.0+,Group B,2,Single game,Dylan,Dialed,Dialed,11,21,,,,,Dylan Bricker,Dylan Medveal,Josh Cain,Luke Pennington
Pool Play,Expert 5.0+,Group C,2,Single game,Cigar Boys,Ankle Issues,Cigar Boys,21,18,,,,,Dan Abrams,Grant Laughlin,Noah Saddik,Erik Faeustle
Pool Play,Expert 5.0+,Group C,2,Single game,Three Crowns,"David GOONzales ",Three Crowns,21,19,,,,,Warren Foote,Samuel Buckman,Jacob Martinez,Schon Siguenza
Pool Play,Expert 5.0+,Group C,2,Single game,Gumbies,AZR Rice Babes,Gumbies,21,18,,,,,Bram Declercq,Dean Wasil,Tayt Rogers,Aidan Mackey
Pool Play,Expert 5.0+,Group D,2,Single game,Woooooo,Royal Flush,Woooooo,21,18,,,,,Nick Wideman,Etienne Cote,Jake LeBaron,Bryant Karratti
Pool Play,Expert 5.0+,Group D,2,Single game,Prophecy,stinky,Prophecy,21,14,,,,,Andrew Christmas,Caleb Cummings,Lucas Pruett,tucker judkins
Pool Play,Expert 5.0+,Group D,2,Single game,Stay Brown,Bizzy Bizzy,Stay Brown,21,15,,,,,Drew Cummins,Brandon Brown,Benjamin Banuelos,Cory Chilton
Pool Play,Expert 5.0+,Group E,2,Single game,Rain or Shine,"Acing Ethan and Matt is the best ",Rain or Shine,21,15,,,,,Evan Denny,Malachi Espinola,John Choi,Clifton Miller
Pool Play,Expert 5.0+,Group E,2,Single game,Endgame,Jesus Swept.,Endgame,21,15,,,,,Trevor Barbosa,Josh Fragiacomo,Jalen Butkus,Solomon Berry
Pool Play,Expert 5.0+,Group E,2,Single game,Taylor and Xande,In Due Time,Taylor and Xande,21,10,,,,,Taylor Church,Xande Plaisted,Tim Gaskin,Michael Du
Pool Play,Expert 5.0+,Group A,3,Single game,Muscle Mommy,Orange Dream,Muscle Mommy,21,11,,,,,Noah Luskus,Blake Bosak,Archie Powell,Warner Curtis
Pool Play,Expert 5.0+,Group A,3,Single game,Rhoad work,skill issue,skill issue,13,21,,,,,Andrew Kosche,Jason Rhoads,Kyan Kornfeld,Nickhil Anantha
Pool Play,Expert 5.0+,Group A,3,Single game,"Acing John Choi is the best feeling ",Premier Rizz,"Acing John Choi is the best feeling ",21,16,,,,,Matt Ortlip,Ethan Zehr,Nathaniel Schrag,Ryan McCargar
Pool Play,Expert 5.0+,Group B,3,Single game,Lazier,Dylan,Lazier,21,19,,,,,Cade Larson,fredric hinkle,Dylan Bricker,Dylan Medveal
Pool Play,Expert 5.0+,Group B,3,Single game,WySpike Synergy,Dialed,WySpike Synergy,21,14,,,,,Matthew Burrows,Nick Noguez,Josh Cain,Luke Pennington
Pool Play,Expert 5.0+,Group B,3,Single game,Bad Habit,Capobianco/Sandberg,Bad Habit,21,16,,,,,Cole Maddox,Kieran Rose,Michael Capobianco,Camden Sandberg
Pool Play,Expert 5.0+,Group C,3,Single game,Cigar Boys,Gumbies,Cigar Boys,21,11,,,,,Dan Abrams,Grant Laughlin,Bram Declercq,Dean Wasil
Pool Play,Expert 5.0+,Group C,3,Single game,Three Crowns,AZR Rice Babes,Three Crowns,21,14,,,,,Warren Foote,Samuel Buckman,Tayt Rogers,Aidan Mackey
Pool Play,Expert 5.0+,Group C,3,Single game,"David GOONzales ",Ankle Issues,Ankle Issues,18,21,,,,,Jacob Martinez,Schon Siguenza,Noah Saddik,Erik Faeustle
Pool Play,Expert 5.0+,Group D,3,Single game,Woooooo,Stay Brown,Woooooo,21,18,,,,,Nick Wideman,Etienne Cote,Drew Cummins,Brandon Brown
Pool Play,Expert 5.0+,Group D,3,Single game,Prophecy,Bizzy Bizzy,Prophecy,21,8,,,,,Andrew Christmas,Caleb Cummings,Benjamin Banuelos,Cory Chilton
Pool Play,Expert 5.0+,Group D,3,Single game,stinky,Royal Flush,Royal Flush,24,25,,,,,Lucas Pruett,tucker judkins,Jake LeBaron,Bryant Karratti
Pool Play,Expert 5.0+,Group E,3,Single game,Rain or Shine,Taylor and Xande,Taylor and Xande,16,21,,,,,Evan Denny,Malachi Espinola,Taylor Church,Xande Plaisted
Pool Play,Expert 5.0+,Group E,3,Single game,Endgame,In Due Time,Endgame,21,14,,,,,Trevor Barbosa,Josh Fragiacomo,Tim Gaskin,Michael Du
Pool Play,Expert 5.0+,Group E,3,Single game,Jesus Swept.,"Acing Ethan and Matt is the best ",Jesus Swept.,21,15,,,,,Jalen Butkus,Solomon Berry,John Choi,Clifton Miller
Pool Play,Expert 5.0+,Group A,4,Single game,Muscle Mommy,"Acing John Choi is the best feeling ",Muscle Mommy,21,11,,,,,Noah Luskus,Blake Bosak,Matt Ortlip,Ethan Zehr
Pool Play,Expert 5.0+,Group A,4,Single game,Rhoad work,Orange Dream,Rhoad work,21,18,,,,,Andrew Kosche,Jason Rhoads,Archie Powell,Warner Curtis
Pool Play,Expert 5.0+,Group A,4,Single game,Premier Rizz,skill issue,skill issue,24,25,,,,,Nathaniel Schrag,Ryan McCargar,Kyan Kornfeld,Nickhil Anantha
Pool Play,Expert 5.0+,Group B,4,Single game,Lazier,Bad Habit,Lazier,21,15,,,,,Cade Larson,fredric hinkle,Cole Maddox,Kieran Rose
Pool Play,Expert 5.0+,Group B,4,Single game,WySpike Synergy,Dylan,WySpike Synergy,21,15,,,,,Matthew Burrows,Nick Noguez,Dylan Bricker,Dylan Medveal
Pool Play,Expert 5.0+,Group B,4,Single game,Capobianco/Sandberg,Dialed,Dialed,19,21,,,,,Michael Capobianco,Camden Sandberg,Josh Cain,Luke Pennington
Pool Play,Expert 5.0+,Group C,4,Single game,Cigar Boys,"David GOONzales ",Cigar Boys,21,10,,,,,Dan Abrams,Grant Laughlin,Jacob Martinez,Schon Siguenza
Pool Play,Expert 5.0+,Group C,4,Single game,Three Crowns,Gumbies,Three Crowns,21,13,,,,,Warren Foote,Samuel Buckman,Bram Declercq,Dean Wasil
Pool Play,Expert 5.0+,Group C,4,Single game,Ankle Issues,AZR Rice Babes,AZR Rice Babes,19,21,,,,,Noah Saddik,Erik Faeustle,Tayt Rogers,Aidan Mackey
Pool Play,Expert 5.0+,Group D,4,Single game,Woooooo,stinky,Woooooo,21,15,,,,,Nick Wideman,Etienne Cote,Lucas Pruett,tucker judkins
Pool Play,Expert 5.0+,Group D,4,Single game,Prophecy,Stay Brown,Stay Brown,19,21,,,,,Andrew Christmas,Caleb Cummings,Drew Cummins,Brandon Brown
Pool Play,Expert 5.0+,Group D,4,Single game,Royal Flush,Bizzy Bizzy,Royal Flush,21,19,,,,,Jake LeBaron,Bryant Karratti,Benjamin Banuelos,Cory Chilton
Pool Play,Expert 5.0+,Group E,4,Single game,Rain or Shine,Jesus Swept.,Jesus Swept.,20,22,,,,,Evan Denny,Malachi Espinola,Jalen Butkus,Solomon Berry
Pool Play,Expert 5.0+,Group E,4,Single game,Endgame,Taylor and Xande,Taylor and Xande,18,21,,,,,Trevor Barbosa,Josh Fragiacomo,Taylor Church,Xande Plaisted
Pool Play,Expert 5.0+,Group E,4,Single game,"Acing Ethan and Matt is the best ",In Due Time,In Due Time,24,25,,,,,John Choi,Clifton Miller,Tim Gaskin,Michael Du
Pool Play,Expert 5.0+,Group A,5,Single game,Muscle Mommy,Rhoad work,Muscle Mommy,21,16,,,,,Noah Luskus,Blake Bosak,Andrew Kosche,Jason Rhoads
Pool Play,Expert 5.0+,Group A,5,Single game,"Acing John Choi is the best feeling ",skill issue,"Acing John Choi is the best feeling ",21,19,,,,,Matt Ortlip,Ethan Zehr,Kyan Kornfeld,Nickhil Anantha
Pool Play,Expert 5.0+,Group A,5,Single game,Orange Dream,Premier Rizz,Orange Dream,21,17,,,,,Archie Powell,Warner Curtis,Nathaniel Schrag,Ryan McCargar
Pool Play,Expert 5.0+,Group B,5,Single game,Lazier,WySpike Synergy,WySpike Synergy,19,21,,,,,Cade Larson,fredric hinkle,Matthew Burrows,Nick Noguez
Pool Play,Expert 5.0+,Group B,5,Single game,Bad Habit,Dialed,Dialed,19,21,,,,,Cole Maddox,Kieran Rose,Josh Cain,Luke Pennington
Pool Play,Expert 5.0+,Group B,5,Single game,Dylan,Capobianco/Sandberg,Dylan,21,17,,,,,Dylan Bricker,Dylan Medveal,Michael Capobianco,Camden Sandberg
Pool Play,Expert 5.0+,Group C,5,Single game,Cigar Boys,Three Crowns,Cigar Boys,21,16,,,,,Dan Abrams,Grant Laughlin,Warren Foote,Samuel Buckman
Pool Play,Expert 5.0+,Group C,5,Single game,"David GOONzales ",AZR Rice Babes,"David GOONzales ",23,21,,,,,Jacob Martinez,Schon Siguenza,Tayt Rogers,Aidan Mackey
Pool Play,Expert 5.0+,Group C,5,Single game,Gumbies,Ankle Issues,Gumbies,21,19,,,,,Bram Declercq,Dean Wasil,Noah Saddik,Erik Faeustle
Pool Play,Expert 5.0+,Group D,5,Single game,Woooooo,Prophecy,Woooooo,21,18,,,,,Nick Wideman,Etienne Cote,Andrew Christmas,Caleb Cummings
Pool Play,Expert 5.0+,Group D,5,Single game,stinky,Bizzy Bizzy,Bizzy Bizzy,14,21,,,,,Lucas Pruett,tucker judkins,Benjamin Banuelos,Cory Chilton
Pool Play,Expert 5.0+,Group D,5,Single game,Stay Brown,Royal Flush,Stay Brown,21,19,,,,,Drew Cummins,Brandon Brown,Jake LeBaron,Bryant Karratti
Pool Play,Expert 5.0+,Group E,5,Single game,Rain or Shine,Endgame,Endgame,14,21,,,,,Evan Denny,Malachi Espinola,Trevor Barbosa,Josh Fragiacomo
Pool Play,Expert 5.0+,Group E,5,Single game,Jesus Swept.,In Due Time,Jesus Swept.,21,15,,,,,Jalen Butkus,Solomon Berry,Tim Gaskin,Michael Du
Pool Play,Expert 5.0+,Group E,5,Single game,Taylor and Xande,"Acing Ethan and Matt is the best ",Taylor and Xande,21,13,,,,,Taylor Church,Xande Plaisted,John Choi,Clifton Miller
Bracket Stage,Expert 5.0+,Bracket A,Round of 32,Best of 3,Taylor and Xande,"Acing Ethan and Matt is the best ",Taylor and Xande,1,0,1,0,,,Taylor Church,Xande Plaisted,John Choi,Clifton Miller
Bracket Stage,Expert 5.0+,Bracket A,Round of 32,Best of 3,WySpike Synergy,Premier Rizz,WySpike Synergy,19,21,21,12,21,12,Matthew Burrows,Nick Noguez,Nathaniel Schrag,Ryan McCargar
Bracket Stage,Expert 5.0+,Bracket A,Round of 32,Best of 3,Woooooo,stinky,Woooooo,21,19,21,17,,,Nick Wideman,Etienne Cote,Lucas Pruett,tucker judkins
Bracket Stage,Expert 5.0+,Bracket A,Round of 32,Best of 3,Endgame,Capobianco/Sandberg,Endgame,21,16,21,13,,,Trevor Barbosa,Josh Fragiacomo,Michael Capobianco,Camden Sandberg
Bracket Stage,Expert 5.0+,Bracket A,Round of 32,Best of 3,Three Crowns,In Due Time,Three Crowns,21,18,21,14,,,Warren Foote,Samuel Buckman,Tim Gaskin,Michael Du
Bracket Stage,Expert 5.0+,Bracket A,Round of 32,Best of 3,Stay Brown,AZR Rice Babes,Stay Brown,21,19,21,15,,,Drew Cummins,Brandon Brown,Tayt Rogers,Aidan Mackey
Bracket Stage,Expert 5.0+,Bracket A,Round of 32,Best of 3,Lazier,Bizzy Bizzy,Lazier,21,14,21,18,,,Cade Larson,fredric hinkle,Benjamin Banuelos,Cory Chilton
Bracket Stage,Expert 5.0+,Bracket A,Round of 32,Best of 3,Prophecy,Orange Dream,Prophecy,21,17,21,12,,,Andrew Christmas,Caleb Cummings,Archie Powell,Warner Curtis
Bracket Stage,Expert 5.0+,Bracket A,Round of 32,Best of 3,skill issue,Dylan,skill issue,21,16,21,17,,,Kyan Kornfeld,Nickhil Anantha,Dylan Bricker,Dylan Medveal
Bracket Stage,Expert 5.0+,Bracket A,Round of 32,Best of 3,Dialed,"David GOONzales ",Dialed,1,0,0,1,1,0,Josh Cain,Luke Pennington,Jacob Martinez,Schon Siguenza
Bracket Stage,Expert 5.0+,Bracket A,Round of 32,Best of 3,Jesus Swept.,Ankle Issues,Jesus Swept.,21,18,21,19,,,Jalen Butkus,Solomon Berry,Noah Saddik,Erik Faeustle
Bracket Stage,Expert 5.0+,Bracket A,Round of 32,Best of 3,"Acing John Choi is the best feeling ",Royal Flush,"Acing John Choi is the best feeling ",21,16,20,22,24,22,Matt Ortlip,Ethan Zehr,Jake LeBaron,Bryant Karratti
Bracket Stage,Expert 5.0+,Bracket A,Round of 32,Best of 3,Rhoad work,Bad Habit,Bad Habit,19,21,19,21,,,Andrew Kosche,Jason Rhoads,Cole Maddox,Kieran Rose
Bracket Stage,Expert 5.0+,Bracket A,Round of 32,Best of 3,Gumbies,Rain or Shine,Rain or Shine,0,1,0,1,,,Bram Declercq,Dean Wasil,Evan Denny,Malachi Espinola
Bracket Stage,Expert 5.0+,Bracket A,Round of 16,Best of 3,Muscle Mommy,Rain or Shine,Muscle Mommy,21,16,21,13,,,Noah Luskus,Blake Bosak,Evan Denny,Malachi Espinola
Bracket Stage,Expert 5.0+,Bracket A,Round of 16,Best of 3,Cigar Boys,Bad Habit,Cigar Boys,21,16,21,14,,,Dan Abrams,Grant Laughlin,Cole Maddox,Kieran Rose
Bracket Stage,Expert 5.0+,Bracket A,Round of 16,Best of 3,Taylor and Xande,"Acing John Choi is the best feeling ",Taylor and Xande,1,0,1,0,,,Taylor Church,Xande Plaisted,Matt Ortlip,Ethan Zehr
Bracket Stage,Expert 5.0+,Bracket A,Round of 16,Best of 3,WySpike Synergy,Jesus Swept.,WySpike Synergy,21,13,19,21,21,18,Matthew Burrows,Nick Noguez,Jalen Butkus,Solomon Berry
Bracket Stage,Expert 5.0+,Bracket A,Round of 16,Best of 3,Woooooo,Dialed,Woooooo,1,0,1,0,,,Nick Wideman,Etienne Cote,Josh Cain,Luke Pennington
Bracket Stage,Expert 5.0+,Bracket A,Round of 16,Best of 3,Endgame,skill issue,Endgame,21,17,21,13,,,Trevor Barbosa,Josh Fragiacomo,Kyan Kornfeld,Nickhil Anantha
Bracket Stage,Expert 5.0+,Bracket A,Round of 16,Best of 3,Three Crowns,Prophecy,Three Crowns,18,21,21,19,22,20,Warren Foote,Samuel Buckman,Andrew Christmas,Caleb Cummings
Bracket Stage,Expert 5.0+,Bracket A,Round of 16,Best of 3,Stay Brown,Lazier,Lazier,0,1,0,1,,,Drew Cummins,Brandon Brown,Cade Larson,fredric hinkle
Bracket Stage,Expert 5.0+,Bracket A,P17: Round of 16,Best of 3,Royal Flush,"Acing Ethan and Matt is the best ",Royal Flush,1,0,1,0,,,Jake LeBaron,Bryant Karratti,John Choi,Clifton Miller
Bracket Stage,Expert 5.0+,Bracket A,P17: Round of 16,Best of 3,Dylan,Capobianco/Sandberg,Dylan,21,13,21,18,,,Dylan Bricker,Dylan Medveal,Michael Capobianco,Camden Sandberg
Bracket Stage,Expert 5.0+,Bracket A,Quarter-final,Best of 3,Muscle Mommy,Lazier,Muscle Mommy,21,19,21,18,,,Noah Luskus,Blake Bosak,Cade Larson,fredric hinkle
Bracket Stage,Expert 5.0+,Bracket A,Quarter-final,Best of 3,Cigar Boys,Three Crowns,Three Crowns,18,21,18,21,,,Dan Abrams,Grant Laughlin,Warren Foote,Samuel Buckman
Bracket Stage,Expert 5.0+,Bracket A,Quarter-final,Best of 3,Taylor and Xande,Endgame,Taylor and Xande,21,23,21,19,23,21,Taylor Church,Xande Plaisted,Trevor Barbosa,Josh Fragiacomo
Bracket Stage,Expert 5.0+,Bracket A,Quarter-final,Best of 3,WySpike Synergy,Woooooo,Woooooo,18,21,37,39,,,Matthew Burrows,Nick Noguez,Nick Wideman,Etienne Cote
Bracket Stage,Expert 5.0+,Bracket A,P9: Quarter-final,Best of 3,Prophecy,Bad Habit,Bad Habit,-1,0,-1,0,,,Andrew Christmas,Caleb Cummings,Cole Maddox,Kieran Rose
Bracket Stage,Expert 5.0+,Bracket A,P9: Quarter-final,Best of 3,skill issue,"Acing John Choi is the best feeling ",skill issue,0,-1,0,-1,,,Kyan Kornfeld,Nickhil Anantha,Matt Ortlip,Ethan Zehr
Bracket Stage,Expert 5.0+,Bracket A,P9: Quarter-final,Best of 3,Dialed,Jesus Swept.,Jesus Swept.,14,21,21,11,19,21,Josh Cain,Luke Pennington,Jalen Butkus,Solomon Berry
Bracket Stage,Expert 5.0+,Bracket A,P17: Quarter-final,Best of 3,Royal Flush,Dylan,Royal Flush,19,21,21,19,21,16,Jake LeBaron,Bryant Karratti,Dylan Bricker,Dylan Medveal
Bracket Stage,Expert 5.0+,Bracket A,Semi-final,Best of 3,Muscle Mommy,Woooooo,Muscle Mommy,21,17,21,19,,,Noah Luskus,Blake Bosak,Nick Wideman,Etienne Cote
Bracket Stage,Expert 5.0+,Bracket A,Semi-final,Best of 3,Three Crowns,Taylor and Xande,Three Crowns,21,18,16,21,21,19,Warren Foote,Samuel Buckman,Taylor Church,Xande Plaisted
Bracket Stage,Expert 5.0+,Bracket A,Final,Best of 3,Muscle Mommy,Three Crowns,Muscle Mommy,21,12,0,-1,,,Noah Luskus,Blake Bosak,Warren Foote,Samuel Buckman
Bracket Stage,Expert 5.0+,Bracket A,P3: Final,Best of 3,Taylor and Xande,Woooooo,Taylor and Xande,21,17,0,-1,,,Taylor Church,Xande Plaisted,Nick Wideman,Etienne Cote
Pool Play,Contender 4.5,Group A,1,Single game,Strangely embracing a man from Chico,Blue lightning stingray manatee anglers$,Strangely embracing a man from Chico,21,11,,,,,Jarratt Rouse,Skyler Boles,Michael Dobbs,Tanner Tripp
Pool Play,Contender 4.5,Group A,1,Single game,Jersey Mikeâ€™s,Doble P,Doble P,22,24,,,,,Michael Soliz,Angel Hernandez,Julian Palombo,Gabriel Malat del Valle
Pool Play,Contender 4.5,Group A,1,Single game,Rough Sets,Panthers University,Rough Sets,21,17,,,,,Nico Chico,Austin Gauerke,Seth Holbrook,Isaac Holbrook
Pool Play,Contender 4.5,Group B,1,Single game,Average Joes,kevin huerter,Average Joes,21,7,,,,,Joseph Kaylor,Joey Carmichael,Austin Wilson,Francis Filipovich
Pool Play,Contender 4.5,Group B,1,Single game,let that soak in,HDMG,HDMG,21,23,,,,,Jake Woolley,James Lamkin,Jordan Guevara,Evan Bock
Pool Play,Contender 4.5,Group B,1,Single game,Skyscanners,Itâ€™s the jonker baby,Skyscanners,25,23,,,,,Jared Dean Katz,Alec Galbo,Jake Martha,Dylan Cloninger
Pool Play,Contender 4.5,Group C,1,Single game,Moist,Team1,Moist,21,7,,,,,David Gonzales,Andrew Gasaway,Sean Hurley,Holden Frey
Pool Play,Contender 4.5,Group C,1,Single game,Tex Mex,The American Spikers,The American Spikers,10,21,,,,,Isaiah Sanborn,Noah Johnson,Alex Hart (ASL),Konnor Cordingley
Pool Play,Contender 4.5,Group C,1,Single game,livvy dunneeee pleaseeeeee,MCT,livvy dunneeee pleaseeeeee,21,18,,,,,Douglas Page,Aidan Nesbitt,Marcus Landon,connor barton
Pool Play,Contender 4.5,Group D,1,Single game,Dive Hard,Moon Ball,Dive Hard,21,11,,,,,Nolan Wynkoop,Cole Sanchez,Micah Allin,hank parker
Pool Play,Contender 4.5,Group D,1,Single game,5 star spikeball team,Neapolitan,5 star spikeball team,21,16,,,,,Andrew Stevens,Caleb Wong,Scott Ceklarz,Jade Hermida
Pool Play,Contender 4.5,Group D,1,Single game,itâ€™s wide right,"bean,",itâ€™s wide right,21,17,,,,,Nate Gauthier,Ethan Epp,Tiff Ding,Max Huang
Pool Play,Contender 4.5,Group E,1,Single game,Gatekeeping Rafi,Just BARly,Gatekeeping Rafi,21,14,,,,,Arrow Griner,Zach Bergevin,Daniel Feller,Remi Prince
Pool Play,Contender 4.5,Group E,1,Single game,Fortified,Ugly Finders,Ugly Finders,17,21,,,,,Blake Clarke,Carlos Nakamura,Aidan Van Eck,Thomas Pence
Pool Play,Contender 4.5,Group E,1,Single game,Back2Back,Egg,Back2Back,21,15,,,,,Jake Eichenseer,Reece Greer,Camille Anderson,Jaren Haggard
Pool Play,Contender 4.5,Group F,1,Single game,Irritable Ball Shmackers,Dizzy,Irritable Ball Shmackers,23,21,,,,,William Foote,Rafi Moldovsky,Jack Hart,Garrett Walter
Pool Play,Contender 4.5,Group F,1,Single game,Z-Bros,Ball Busters,Ball Busters,18,21,,,,,Cade Zorio,Andrew Zorio,Billy Durrill,Thompson Yang
Pool Play,Contender 4.5,Group F,1,Single game,non responsive,FDU Basketball Commits,non responsive,21,16,,,,,Kannon Forbush,Andrew Greer,Jason Inumerable,Trevor Sargent
Pool Play,Contender 4.5,Group A,2,Single game,Strangely embracing a man from Chico,Doble P,Strangely embracing a man from Chico,21,13,,,,,Jarratt Rouse,Skyler Boles,Julian Palombo,Gabriel Malat del Valle
Pool Play,Contender 4.5,Group A,2,Single game,Jersey Mikeâ€™s,average ball,Jersey Mikeâ€™s,21,12,,,,,Michael Soliz,Angel Hernandez,Darius Faizani,Andrew Kaufmann
Pool Play,Contender 4.5,Group A,2,Single game,Panthers University,Blue lightning stingray manatee anglers$,Panthers University,21,6,,,,,Seth Holbrook,Isaac Holbrook,Michael Dobbs,Tanner Tripp
Pool Play,Contender 4.5,Group B,2,Single game,Average Joes,HDMG,Average Joes,21,18,,,,,Joseph Kaylor,Joey Carmichael,Jordan Guevara,Evan Bock
Pool Play,Contender 4.5,Group B,2,Single game,let that soak in,TheGOATGene,let that soak in,21,17,,,,,Jake Woolley,James Lamkin,David Yingling,Wesley Tunelius
Pool Play,Contender 4.5,Group B,2,Single game,Itâ€™s the jonker baby,kevin huerter,Itâ€™s the jonker baby,21,12,,,,,Jake Martha,Dylan Cloninger,Austin Wilson,Francis Filipovich
Pool Play,Contender 4.5,Group C,2,Single game,Moist,The American Spikers,The American Spikers,19,21,,,,,David Gonzales,Andrew Gasaway,Alex Hart (ASL),Konnor Cordingley
Pool Play,Contender 4.5,Group C,2,Single game,Tex Mex,Spike Tyson,Tex Mex,21,17,,,,,Isaiah Sanborn,Noah Johnson,luca filiz,Jai Parera
Pool Play,Contender 4.5,Group C,2,Single game,MCT,Team1,MCT,21,13,,,,,Marcus Landon,connor barton,Sean Hurley,Holden Frey
Pool Play,Contender 4.5,Group D,2,Single game,Dive Hard,Neapolitan,Dive Hard,21,12,,,,,Nolan Wynkoop,Cole Sanchez,Scott Ceklarz,Jade Hermida
Pool Play,Contender 4.5,Group D,2,Single game,5 star spikeball team,itâ€™s wide right,5 star spikeball team,21,14,,,,,Andrew Stevens,Caleb Wong,Nate Gauthier,Ethan Epp
Pool Play,Contender 4.5,Group D,2,Single game,"bean,",Moon Ball,Moon Ball,17,21,,,,,Tiff Ding,Max Huang,Micah Allin,hank parker
Pool Play,Contender 4.5,Group E,2,Single game,Gatekeeping Rafi,Ugly Finders,Gatekeeping Rafi,21,16,,,,,Arrow Griner,Zach Bergevin,Aidan Van Eck,Thomas Pence
Pool Play,Contender 4.5,Group E,2,Single game,Fortified,Back2Back,Fortified,21,17,,,,,Blake Clarke,Carlos Nakamura,Jake Eichenseer,Reece Greer
Pool Play,Contender 4.5,Group E,2,Single game,Egg,Just BARly,Just BARly,19,21,,,,,Camille Anderson,Jaren Haggard,Daniel Feller,Remi Prince
Pool Play,Contender 4.5,Group F,2,Single game,Irritable Ball Shmackers,Ball Busters,Irritable Ball Shmackers,21,13,,,,,William Foote,Rafi Moldovsky,Billy Durrill,Thompson Yang
Pool Play,Contender 4.5,Group F,2,Single game,Z-Bros,non responsive,non responsive,12,21,,,,,Cade Zorio,Andrew Zorio,Kannon Forbush,Andrew Greer
Pool Play,Contender 4.5,Group F,2,Single game,FDU Basketball Commits,Dizzy,Dizzy,20,22,,,,,Jason Inumerable,Trevor Sargent,Jack Hart,Garrett Walter
Pool Play,Contender 4.5,Group A,3,Single game,Strangely embracing a man from Chico,Panthers University,Strangely embracing a man from Chico,21,16,,,,,Jarratt Rouse,Skyler Boles,Seth Holbrook,Isaac Holbrook
Pool Play,Contender 4.5,Group A,3,Single game,Jersey Mikeâ€™s,Rough Sets,Jersey Mikeâ€™s,21,13,,,,,Michael Soliz,Angel Hernandez,Nico Chico,Austin Gauerke
Pool Play,Contender 4.5,Group A,3,Single game,average ball,Doble P,Doble P,5,21,,,,,Darius Faizani,Andrew Kaufmann,Julian Palombo,Gabriel Malat del Valle
Pool Play,Contender 4.5,Group B,3,Single game,Average Joes,Itâ€™s the jonker baby,Average Joes,21,19,,,,,Joseph Kaylor,Joey Carmichael,Jake Martha,Dylan Cloninger
Pool Play,Contender 4.5,Group B,3,Single game,let that soak in,Skyscanners,let that soak in,21,16,,,,,Jake Woolley,James Lamkin,Jared Dean Katz,Alec Galbo
Pool Play,Contender 4.5,Group B,3,Single game,TheGOATGene,HDMG,HDMG,19,21,,,,,David Yingling,Wesley Tunelius,Jordan Guevara,Evan Bock
Pool Play,Contender 4.5,Group C,3,Single game,Moist,MCT,Moist,21,16,,,,,David Gonzales,Andrew Gasaway,Marcus Landon,connor barton
Pool Play,Contender 4.5,Group C,3,Single game,Tex Mex,livvy dunneeee pleaseeeeee,livvy dunneeee pleaseeeeee,16,21,,,,,Isaiah Sanborn,Noah Johnson,Douglas Page,Aidan Nesbitt
Pool Play,Contender 4.5,Group C,3,Single game,Spike Tyson,The American Spikers,Spike Tyson,21,18,,,,,luca filiz,Jai Parera,Alex Hart (ASL),Konnor Cordingley
Pool Play,Contender 4.5,Group D,3,Single game,Dive Hard,"bean,",Dive Hard,21,17,,,,,Nolan Wynkoop,Cole Sanchez,Tiff Ding,Max Huang
Pool Play,Contender 4.5,Group D,3,Single game,5 star spikeball team,Moon Ball,5 star spikeball team,21,14,,,,,Andrew Stevens,Caleb Wong,Micah Allin,hank parker
Pool Play,Contender 4.5,Group D,3,Single game,itâ€™s wide right,Neapolitan,itâ€™s wide right,21,18,,,,,Nate Gauthier,Ethan Epp,Scott Ceklarz,Jade Hermida
Pool Play,Contender 4.5,Group E,3,Single game,Gatekeeping Rafi,Egg,Gatekeeping Rafi,23,21,,,,,Arrow Griner,Zach Bergevin,Camille Anderson,Jaren Haggard
Pool Play,Contender 4.5,Group E,3,Single game,Fortified,Just BARly,Fortified,25,23,,,,,Blake Clarke,Carlos Nakamura,Daniel Feller,Remi Prince
Pool Play,Contender 4.5,Group E,3,Single game,Back2Back,Ugly Finders,Ugly Finders,22,24,,,,,Jake Eichenseer,Reece Greer,Aidan Van Eck,Thomas Pence
Pool Play,Contender 4.5,Group F,3,Single game,Irritable Ball Shmackers,FDU Basketball Commits,Irritable Ball Shmackers,21,17,,,,,William Foote,Rafi Moldovsky,Jason Inumerable,Trevor Sargent
Pool Play,Contender 4.5,Group F,3,Single game,Z-Bros,Dizzy,Z-Bros,21,15,,,,,Cade Zorio,Andrew Zorio,Jack Hart,Garrett Walter
Pool Play,Contender 4.5,Group F,3,Single game,non responsive,Ball Busters,non responsive,21,18,,,,,Kannon Forbush,Andrew Greer,Billy Durrill,Thompson Yang
Pool Play,Contender 4.5,Group A,4,Single game,Strangely embracing a man from Chico,average ball,Strangely embracing a man from Chico,21,9,,,,,Jarratt Rouse,Skyler Boles,Darius Faizani,Andrew Kaufmann
Pool Play,Contender 4.5,Group A,4,Single game,Jersey Mikeâ€™s,Blue lightning stingray manatee anglers$,Jersey Mikeâ€™s,21,12,,,,,Michael Soliz,Angel Hernandez,Michael Dobbs,Tanner Tripp
Pool Play,Contender 4.5,Group A,4,Single game,Rough Sets,Doble P,Rough Sets,21,17,,,,,Nico Chico,Austin Gauerke,Julian Palombo,Gabriel Malat del Valle
Pool Play,Contender 4.5,Group B,4,Single game,Average Joes,TheGOATGene,Average Joes,21,19,,,,,Joseph Kaylor,Joey Carmichael,David Yingling,Wesley Tunelius
Pool Play,Contender 4.5,Group B,4,Single game,let that soak in,kevin huerter,let that soak in,21,4,,,,,Jake Woolley,James Lamkin,Austin Wilson,Francis Filipovich
Pool Play,Contender 4.5,Group B,4,Single game,Skyscanners,HDMG,HDMG,18,21,,,,,Jared Dean Katz,Alec Galbo,Jordan Guevara,Evan Bock
Pool Play,Contender 4.5,Group C,4,Single game,Moist,Spike Tyson,Moist,21,18,,,,,David Gonzales,Andrew Gasaway,luca filiz,Jai Parera
Pool Play,Contender 4.5,Group C,4,Single game,Tex Mex,Team1,Tex Mex,21,10,,,,,Isaiah Sanborn,Noah Johnson,Sean Hurley,Holden Frey
Pool Play,Contender 4.5,Group C,4,Single game,livvy dunneeee pleaseeeeee,The American Spikers,The American Spikers,12,21,,,,,Douglas Page,Aidan Nesbitt,Alex Hart (ASL),Konnor Cordingley
Pool Play,Contender 4.5,Group D,4,Single game,Dive Hard,itâ€™s wide right,Dive Hard,21,6,,,,,Nolan Wynkoop,Cole Sanchez,Nate Gauthier,Ethan Epp
Pool Play,Contender 4.5,Group D,4,Single game,5 star spikeball team,"bean,","bean,",17,21,,,,,Andrew Stevens,Caleb Wong,Tiff Ding,Max Huang
Pool Play,Contender 4.5,Group D,4,Single game,Neapolitan,Moon Ball,Moon Ball,16,21,,,,,Scott Ceklarz,Jade Hermida,Micah Allin,hank parker
Pool Play,Contender 4.5,Group E,4,Single game,Gatekeeping Rafi,Back2Back,Gatekeeping Rafi,21,16,,,,,Arrow Griner,Zach Bergevin,Jake Eichenseer,Reece Greer
Pool Play,Contender 4.5,Group E,4,Single game,Fortified,Egg,Fortified,21,11,,,,,Blake Clarke,Carlos Nakamura,Camille Anderson,Jaren Haggard
Pool Play,Contender 4.5,Group E,4,Single game,Ugly Finders,Just BARly,Just BARly,18,21,,,,,Aidan Van Eck,Thomas Pence,Daniel Feller,Remi Prince
Pool Play,Contender 4.5,Group F,4,Single game,Irritable Ball Shmackers,non responsive,non responsive,18,21,,,,,William Foote,Rafi Moldovsky,Kannon Forbush,Andrew Greer
Pool Play,Contender 4.5,Group F,4,Single game,Z-Bros,FDU Basketball Commits,FDU Basketball Commits,19,21,,,,,Cade Zorio,Andrew Zorio,Jason Inumerable,Trevor Sargent
Pool Play,Contender 4.5,Group F,4,Single game,Ball Busters,Dizzy,Dizzy,14,21,,,,,Billy Durrill,Thompson Yang,Jack Hart,Garrett Walter
Pool Play,Contender 4.5,Group A,5,Single game,Jersey Mikeâ€™s,Panthers University,Panthers University,12,21,,,,,Michael Soliz,Angel Hernandez,Seth Holbrook,Isaac Holbrook
Pool Play,Contender 4.5,Group A,5,Single game,Rough Sets,average ball,Rough Sets,21,14,,,,,Nico Chico,Austin Gauerke,Darius Faizani,Andrew Kaufmann
Pool Play,Contender 4.5,Group A,5,Single game,Doble P,Blue lightning stingray manatee anglers$,Doble P,21,10,,,,,Julian Palombo,Gabriel Malat del Valle,Michael Dobbs,Tanner Tripp
Pool Play,Contender 4.5,Group B,5,Single game,let that soak in,Itâ€™s the jonker baby,let that soak in,21,16,,,,,Jake Woolley,James Lamkin,Jake Martha,Dylan Cloninger
Pool Play,Contender 4.5,Group B,5,Single game,Skyscanners,TheGOATGene,Skyscanners,21,11,,,,,Jared Dean Katz,Alec Galbo,David Yingling,Wesley Tunelius
Pool Play,Contender 4.5,Group B,5,Single game,HDMG,kevin huerter,HDMG,21,4,,,,,Jordan Guevara,Evan Bock,Austin Wilson,Francis Filipovich
Pool Play,Contender 4.5,Group C,5,Single game,Tex Mex,MCT,Tex Mex,21,14,,,,,Isaiah Sanborn,Noah Johnson,Marcus Landon,connor barton
Pool Play,Contender 4.5,Group C,5,Single game,livvy dunneeee pleaseeeeee,Spike Tyson,livvy dunneeee pleaseeeeee,21,15,,,,,Douglas Page,Aidan Nesbitt,luca filiz,Jai Parera
Pool Play,Contender 4.5,Group C,5,Single game,The American Spikers,Team1,The American Spikers,21,6,,,,,Alex Hart (ASL),Konnor Cordingley,Sean Hurley,Holden Frey
Pool Play,Contender 4.5,Group D,5,Single game,Dive Hard,5 star spikeball team,5 star spikeball team,19,21,,,,,Nolan Wynkoop,Cole Sanchez,Andrew Stevens,Caleb Wong
Pool Play,Contender 4.5,Group D,5,Single game,itâ€™s wide right,Moon Ball,Moon Ball,14,21,,,,,Nate Gauthier,Ethan Epp,Micah Allin,hank parker
Pool Play,Contender 4.5,Group D,5,Single game,"bean,",Neapolitan,"bean,",21,15,,,,,Tiff Ding,Max Huang,Scott Ceklarz,Jade Hermida
Pool Play,Contender 4.5,Group E,5,Single game,Gatekeeping Rafi,Fortified,Gatekeeping Rafi,21,19,,,,,Arrow Griner,Zach Bergevin,Blake Clarke,Carlos Nakamura
Pool Play,Contender 4.5,Group E,5,Single game,Back2Back,Just BARly,Just BARly,15,21,,,,,Jake Eichenseer,Reece Greer,Daniel Feller,Remi Prince
Pool Play,Contender 4.5,Group E,5,Single game,Egg,Ugly Finders,Ugly Finders,11,21,,,,,Camille Anderson,Jaren Haggard,Aidan Van Eck,Thomas Pence
Pool Play,Contender 4.5,Group F,5,Single game,Irritable Ball Shmackers,Z-Bros,Z-Bros,22,24,,,,,William Foote,Rafi Moldovsky,Cade Zorio,Andrew Zorio
Pool Play,Contender 4.5,Group F,5,Single game,non responsive,Dizzy,non responsive,21,12,,,,,Kannon Forbush,Andrew Greer,Jack Hart,Garrett Walter
Pool Play,Contender 4.5,Group F,5,Single game,FDU Basketball Commits,Ball Busters,FDU Basketball Commits,21,16,,,,,Jason Inumerable,Trevor Sargent,Billy Durrill,Thompson Yang
Pool Play,Contender 4.5,Group A,6,Single game,Strangely embracing a man from Chico,Rough Sets,Strangely embracing a man from Chico,21,16,,,,,Jarratt Rouse,Skyler Boles,Nico Chico,Austin Gauerke
Pool Play,Contender 4.5,Group A,6,Single game,average ball,Blue lightning stingray manatee anglers$,Blue lightning stingray manatee anglers$,17,21,,,,,Darius Faizani,Andrew Kaufmann,Michael Dobbs,Tanner Tripp
Pool Play,Contender 4.5,Group A,6,Single game,Panthers University,Doble P,Panthers University,24,22,,,,,Seth Holbrook,Isaac Holbrook,Julian Palombo,Gabriel Malat del Valle
Pool Play,Contender 4.5,Group B,6,Single game,Average Joes,Skyscanners,Average Joes,21,17,,,,,Joseph Kaylor,Joey Carmichael,Jared Dean Katz,Alec Galbo
Pool Play,Contender 4.5,Group B,6,Single game,TheGOATGene,kevin huerter,TheGOATGene,21,12,,,,,David Yingling,Wesley Tunelius,Austin Wilson,Francis Filipovich
Pool Play,Contender 4.5,Group B,6,Single game,Itâ€™s the jonker baby,HDMG,Itâ€™s the jonker baby,21,17,,,,,Jake Martha,Dylan Cloninger,Jordan Guevara,Evan Bock
Pool Play,Contender 4.5,Group C,6,Single game,Moist,livvy dunneeee pleaseeeeee,Moist,21,18,,,,,David Gonzales,Andrew Gasaway,Douglas Page,Aidan Nesbitt
Pool Play,Contender 4.5,Group C,6,Single game,Spike Tyson,Team1,Spike Tyson,21,13,,,,,luca filiz,Jai Parera,Sean Hurley,Holden Frey
Pool Play,Contender 4.5,Group C,6,Single game,MCT,The American Spikers,MCT,21,18,,,,,Marcus Landon,connor barton,Alex Hart (ASL),Konnor Cordingley
Pool Play,Contender 4.5,Group A,7,Single game,Strangely embracing a man from Chico,Jersey Mikeâ€™s,Strangely embracing a man from Chico,21,17,,,,,Jarratt Rouse,Skyler Boles,Michael Soliz,Angel Hernandez
Pool Play,Contender 4.5,Group A,7,Single game,Rough Sets,Blue lightning stingray manatee anglers$,Rough Sets,21,8,,,,,Nico Chico,Austin Gauerke,Michael Dobbs,Tanner Tripp
Pool Play,Contender 4.5,Group A,7,Single game,average ball,Panthers University,Panthers University,10,21,,,,,Darius Faizani,Andrew Kaufmann,Seth Holbrook,Isaac Holbrook
Pool Play,Contender 4.5,Group B,7,Single game,Average Joes,let that soak in,let that soak in,15,21,,,,,Joseph Kaylor,Joey Carmichael,Jake Woolley,James Lamkin
Pool Play,Contender 4.5,Group B,7,Single game,Skyscanners,kevin huerter,Skyscanners,21,4,,,,,Jared Dean Katz,Alec Galbo,Austin Wilson,Francis Filipovich
Pool Play,Contender 4.5,Group B,7,Single game,TheGOATGene,Itâ€™s the jonker baby,Itâ€™s the jonker baby,14,21,,,,,David Yingling,Wesley Tunelius,Jake Martha,Dylan Cloninger
Pool Play,Contender 4.5,Group C,7,Single game,Moist,Tex Mex,Moist,21,18,,,,,David Gonzales,Andrew Gasaway,Isaiah Sanborn,Noah Johnson
Pool Play,Contender 4.5,Group C,7,Single game,livvy dunneeee pleaseeeeee,Team1,livvy dunneeee pleaseeeeee,21,4,,,,,Douglas Page,Aidan Nesbitt,Sean Hurley,Holden Frey
Pool Play,Contender 4.5,Group C,7,Single game,Spike Tyson,MCT,Spike Tyson,25,24,,,,,luca filiz,Jai Parera,Marcus Landon,connor barton
Bracket Stage,Contender 4.5,Bracket A,Round of 64,Best of 3,FDU Basketball Commits,kevin huerter,FDU Basketball Commits,21,9,21,12,,,Jason Inumerable,Trevor Sargent,Austin Wilson,Francis Filipovich
Bracket Stage,Contender 4.5,Bracket A,Round of 64,Best of 3,Z-Bros,Team1,Z-Bros,1,0,1,0,,,Cade Zorio,Andrew Zorio,Sean Hurley,Holden Frey
Bracket Stage,Contender 4.5,Bracket A,Round of 64,Best of 3,Dizzy,average ball,Dizzy,21,13,21,9,,,Jack Hart,Garrett Walter,Darius Faizani,Andrew Kaufmann
Bracket Stage,Contender 4.5,Bracket A,Round of 64,Best of 3,itâ€™s wide right,Blue lightning stingray manatee anglers$,itâ€™s wide right,21,16,21,19,,,Nate Gauthier,Ethan Epp,Michael Dobbs,Tanner Tripp
Bracket Stage,Contender 4.5,Bracket A,Round of 64,Best of 3,MCT,Egg,MCT,0,1,1,0,1,0,Marcus Landon,connor barton,Camille Anderson,Jaren Haggard
Bracket Stage,Contender 4.5,Bracket A,Round of 64,Best of 3,Back2Back,Neapolitan,Back2Back,18,21,21,16,21,18,Jake Eichenseer,Reece Greer,Scott Ceklarz,Jade Hermida
Bracket Stage,Contender 4.5,Bracket A,Round of 64,Best of 3,Ball Busters,TheGOATGene,TheGOATGene,21,18,17,21,15,21,Billy Durrill,Thompson Yang,David Yingling,Wesley Tunelius
Bracket Stage,Contender 4.5,Bracket A,Round of 32,Best of 3,Strangely embracing a man from Chico,TheGOATGene,Strangely embracing a man from Chico,21,17,21,16,,,Jarratt Rouse,Skyler Boles,David Yingling,Wesley Tunelius
Bracket Stage,Contender 4.5,Bracket A,Round of 32,Best of 3,non responsive,Back2Back,non responsive,21,11,21,16,,,Kannon Forbush,Andrew Greer,Jake Eichenseer,Reece Greer
Bracket Stage,Contender 4.5,Bracket A,Round of 32,Best of 3,Gatekeeping Rafi,MCT,Gatekeeping Rafi,21,14,21,13,,,Arrow Griner,Zach Bergevin,Marcus Landon,connor barton
Bracket Stage,Contender 4.5,Bracket A,Round of 32,Best of 3,Dive Hard,itâ€™s wide right,Dive Hard,21,18,21,17,,,Nolan Wynkoop,Cole Sanchez,Nate Gauthier,Ethan Epp
Bracket Stage,Contender 4.5,Bracket A,Round of 32,Best of 3,let that soak in,Dizzy,let that soak in,1,0,1,0,,,Jake Woolley,James Lamkin,Jack Hart,Garrett Walter
Bracket Stage,Contender 4.5,Bracket A,Round of 32,Best of 3,Moist,Z-Bros,Moist,21,12,21,12,,,David Gonzales,Andrew Gasaway,Cade Zorio,Andrew Zorio
Bracket Stage,Contender 4.5,Bracket A,Round of 32,Best of 3,5 star spikeball team,FDU Basketball Commits,5 star spikeball team,21,17,12,21,21,19,Andrew Stevens,Caleb Wong,Jason Inumerable,Trevor Sargent
Bracket Stage,Contender 4.5,Bracket A,Round of 32,Best of 3,Average Joes,"bean,",Average Joes,21,11,21,11,,,Joseph Kaylor,Joey Carmichael,Tiff Ding,Max Huang
Bracket Stage,Contender 4.5,Bracket A,Round of 32,Best of 3,The American Spikers,Spike Tyson,The American Spikers,21,12,21,14,,,Alex Hart (ASL),Konnor Cordingley,luca filiz,Jai Parera
Bracket Stage,Contender 4.5,Bracket A,Round of 32,Best of 3,Panthers University,Tex Mex,Panthers University,20,22,21,18,22,20,Seth Holbrook,Isaac Holbrook,Isaiah Sanborn,Noah Johnson
Bracket Stage,Contender 4.5,Bracket A,Round of 32,Best of 3,livvy dunneeee pleaseeeeee,Itâ€™s the jonker baby,livvy dunneeee pleaseeeeee,21,18,16,21,21,19,Douglas Page,Aidan Nesbitt,Jake Martha,Dylan Cloninger
Bracket Stage,Contender 4.5,Bracket A,Round of 32,Best of 3,HDMG,Jersey Mikeâ€™s,Jersey Mikeâ€™s,16,21,19,21,,,Jordan Guevara,Evan Bock,Michael Soliz,Angel Hernandez
Bracket Stage,Contender 4.5,Bracket A,Round of 32,Best of 3,Rough Sets,Doble P,Doble P,12,21,22,24,,,Nico Chico,Austin Gauerke,Julian Palombo,Gabriel Malat del Valle
Bracket Stage,Contender 4.5,Bracket A,Round of 32,Best of 3,Fortified,Skyscanners,Skyscanners,21,18,13,21,20,22,Blake Clarke,Carlos Nakamura,Jared Dean Katz,Alec Galbo
Bracket Stage,Contender 4.5,Bracket A,Round of 32,Best of 3,Irritable Ball Shmackers,Moon Ball,Irritable Ball Shmackers,21,15,21,15,,,William Foote,Rafi Moldovsky,Micah Allin,hank parker
Bracket Stage,Contender 4.5,Bracket A,Round of 32,Best of 3,Ugly Finders,Just BARly,Ugly Finders,1,0,1,0,,,Aidan Van Eck,Thomas Pence,Daniel Feller,Remi Prince
Bracket Stage,Contender 4.5,Bracket A,Round of 16,Best of 3,Strangely embracing a man from Chico,Ugly Finders,Strangely embracing a man from Chico,21,13,21,18,,,Jarratt Rouse,Skyler Boles,Aidan Van Eck,Thomas Pence
Bracket Stage,Contender 4.5,Bracket A,Round of 16,Best of 3,non responsive,Irritable Ball Shmackers,non responsive,21,18,16,21,21,16,Kannon Forbush,Andrew Greer,William Foote,Rafi Moldovsky
Bracket Stage,Contender 4.5,Bracket A,Round of 16,Best of 3,Gatekeeping Rafi,Skyscanners,Gatekeeping Rafi,21,18,21,19,,,Arrow Griner,Zach Bergevin,Jared Dean Katz,Alec Galbo
Bracket Stage,Contender 4.5,Bracket A,Round of 16,Best of 3,Dive Hard,Doble P,Dive Hard,21,16,21,19,,,Nolan Wynkoop,Cole Sanchez,Julian Palombo,Gabriel Malat del Valle
Bracket Stage,Contender 4.5,Bracket A,Round of 16,Best of 3,let that soak in,Jersey Mikeâ€™s,let that soak in,21,14,21,14,,,Jake Woolley,James Lamkin,Michael Soliz,Angel Hernandez
Bracket Stage,Contender 4.5,Bracket A,Round of 16,Best of 3,Moist,livvy dunneeee pleaseeeeee,Moist,21,16,22,20,,,David Gonzales,Andrew Gasaway,Douglas Page,Aidan Nesbitt
Bracket Stage,Contender 4.5,Bracket A,Round of 16,Best of 3,5 star spikeball team,Panthers University,Panthers University,15,21,18,21,,,Andrew Stevens,Caleb Wong,Seth Holbrook,Isaac Holbrook
Bracket Stage,Contender 4.5,Bracket A,Round of 16,Best of 3,Average Joes,The American Spikers,Average Joes,21,19,21,16,,,Joseph Kaylor,Joey Carmichael,Alex Hart (ASL),Konnor Cordingley
Bracket Stage,Contender 4.5,Bracket A,P17: Round of 16,Best of 3,Just BARly,TheGOATGene,Just BARly,1,0,1,0,,,Daniel Feller,Remi Prince,David Yingling,Wesley Tunelius
Bracket Stage,Contender 4.5,Bracket A,Quarter-final,Best of 3,Strangely embracing a man from Chico,Average Joes,Strangely embracing a man from Chico,21,17,19,21,21,18,Jarratt Rouse,Skyler Boles,Joseph Kaylor,Joey Carmichael
Bracket Stage,Contender 4.5,Bracket A,Quarter-final,Best of 3,non responsive,Panthers University,non responsive,21,17,19,21,21,19,Kannon Forbush,Andrew Greer,Seth Holbrook,Isaac Holbrook
Bracket Stage,Contender 4.5,Bracket A,Quarter-final,Best of 3,Gatekeeping Rafi,Moist,Gatekeeping Rafi,21,19,18,21,21,19,Arrow Griner,Zach Bergevin,David Gonzales,Andrew Gasaway
Bracket Stage,Contender 4.5,Bracket A,Quarter-final,Best of 3,Dive Hard,let that soak in,Dive Hard,21,15,21,15,,,Nolan Wynkoop,Cole Sanchez,Jake Woolley,James Lamkin
Bracket Stage,Contender 4.5,Bracket A,P9: Quarter-final,Best of 3,The American Spikers,Ugly Finders,The American Spikers,21,15,24,22,,,Alex Hart (ASL),Konnor Cordingley,Aidan Van Eck,Thomas Pence
Bracket Stage,Contender 4.5,Bracket A,Semi-final,Best of 3,Strangely embracing a man from Chico,Dive Hard,Strangely embracing a man from Chico,14,21,25,23,21,17,Jarratt Rouse,Skyler Boles,Nolan Wynkoop,Cole Sanchez
Bracket Stage,Contender 4.5,Bracket A,Semi-final,Best of 3,non responsive,Gatekeeping Rafi,Gatekeeping Rafi,11,15,21,19,12,15,Kannon Forbush,Andrew Greer,Arrow Griner,Zach Bergevin
Bracket Stage,Contender 4.5,Bracket A,Final,Best of 3,Strangely embracing a man from Chico,Gatekeeping Rafi,Gatekeeping Rafi,5,10,-1,0,,,Jarratt Rouse,Skyler Boles,Arrow Griner,Zach Bergevin
Bracket Stage,Contender 4.5,Bracket A,P3: Final,Best of 3,non responsive,Dive Hard,,-1,0,0,-1,0,0,Kannon Forbush,Andrew Greer,Nolan Wynkoop,Cole Sanchez
Pool Play,Womens 4.0+,Group A,1,Single game,2kâ€¢,Tung/Stacey,2kâ€¢,21,18,,,,,Karah Hui,Kayla Wu,Stacey Grimes,Tung Lin
Pool Play,Womens 4.0+,Group A,1,Single game,Mr. & Mrs. Buckman,YEET,Mr. & Mrs. Buckman,21,18,,,,,Perrin York,Alex Buckman,Alyssa Yee,Ruth Troughton
Pool Play,Womens 4.0+,Group B,1,Single game,No Hype,Cham Chowder for Dinher,No Hype,21,13,,,,,Maddy Morehouse,Malia Sato,Bethany Dinh,Abby Cham
Pool Play,Womens 4.0+,Group B,1,Single game,Savage/Nguyen,MASH,Savage/Nguyen,21,12,,,,,Kirstie Savage,Joelle Nguyen,Mey Helm,Ashley Ortlip
Pool Play,Womens 4.0+,Group A,2,Single game,2kâ€¢,YEET,2kâ€¢,21,12,,,,,Karah Hui,Kayla Wu,Alyssa Yee,Ruth Troughton
Pool Play,Womens 4.0+,Group A,2,Single game,$$ KA-CHING $$,Tung/Stacey,$$ KA-CHING $$,21,15,,,,,Kayla Ngai,Christine Chang,Stacey Grimes,Tung Lin
Pool Play,Womens 4.0+,Group B,2,Single game,No Hype,MASH,No Hype,21,9,,,,,Maddy Morehouse,Malia Sato,Mey Helm,Ashley Ortlip
Pool Play,Womens 4.0+,Group B,2,Single game,ellelowe sebmarine,Cham Chowder for Dinher,ellelowe sebmarine,21,11,,,,,Sebastiani Kim,Elle Lowe,Bethany Dinh,Abby Cham
Pool Play,Womens 4.0+,Group A,3,Single game,2kâ€¢,$$ KA-CHING $$,2kâ€¢,21,15,,,,,Karah Hui,Kayla Wu,Kayla Ngai,Christine Chang
Pool Play,Womens 4.0+,Group A,3,Single game,Mr. & Mrs. Buckman,Tung/Stacey,Mr. & Mrs. Buckman,21,11,,,,,Perrin York,Alex Buckman,Stacey Grimes,Tung Lin
Pool Play,Womens 4.0+,Group B,3,Single game,No Hype,ellelowe sebmarine,ellelowe sebmarine,16,21,,,,,Maddy Morehouse,Malia Sato,Sebastiani Kim,Elle Lowe
Pool Play,Womens 4.0+,Group B,3,Single game,Savage/Nguyen,Cham Chowder for Dinher,Savage/Nguyen,21,10,,,,,Kirstie Savage,Joelle Nguyen,Bethany Dinh,Abby Cham
Pool Play,Womens 4.0+,Group A,4,Single game,Mr. & Mrs. Buckman,$$ KA-CHING $$,Mr. & Mrs. Buckman,21,17,,,,,Perrin York,Alex Buckman,Kayla Ngai,Christine Chang
Pool Play,Womens 4.0+,Group A,4,Single game,YEET,Tung/Stacey,YEET,21,17,,,,,Alyssa Yee,Ruth Troughton,Stacey Grimes,Tung Lin
Pool Play,Womens 4.0+,Group B,4,Single game,Savage/Nguyen,ellelowe sebmarine,Savage/Nguyen,21,14,,,,,Kirstie Savage,Joelle Nguyen,Sebastiani Kim,Elle Lowe
Pool Play,Womens 4.0+,Group B,4,Single game,MASH,Cham Chowder for Dinher,MASH,21,18,,,,,Mey Helm,Ashley Ortlip,Bethany Dinh,Abby Cham
Pool Play,Womens 4.0+,Group A,5,Single game,2kâ€¢,Mr. & Mrs. Buckman,2kâ€¢,21,16,,,,,Karah Hui,Kayla Wu,Perrin York,Alex Buckman
Pool Play,Womens 4.0+,Group A,5,Single game,$$ KA-CHING $$,YEET,YEET,17,21,,,,,Kayla Ngai,Christine Chang,Alyssa Yee,Ruth Troughton
Pool Play,Womens 4.0+,Group B,5,Single game,No Hype,Savage/Nguyen,No Hype,21,14,,,,,Maddy Morehouse,Malia Sato,Kirstie Savage,Joelle Nguyen
Pool Play,Womens 4.0+,Group B,5,Single game,ellelowe sebmarine,MASH,ellelowe sebmarine,21,15,,,,,Sebastiani Kim,Elle Lowe,Mey Helm,Ashley Ortlip
Bracket Stage,Womens 4.0+,Bracket A,Round of 16,Best of 3,$$ KA-CHING $$,Cham Chowder for Dinher,$$ KA-CHING $$,21,15,21,13,,,Kayla Ngai,Christine Chang,Bethany Dinh,Abby Cham
Bracket Stage,Womens 4.0+,Bracket A,Round of 16,Best of 3,MASH,Tung/Stacey,MASH,1,0,0,1,1,0,Mey Helm,Ashley Ortlip,Stacey Grimes,Tung Lin
Bracket Stage,Womens 4.0+,Bracket A,Quarter-final,Best of 3,2kâ€¢,MASH,2kâ€¢,1,0,1,0,,,Karah Hui,Kayla Wu,Mey Helm,Ashley Ortlip
Bracket Stage,Womens 4.0+,Bracket A,Quarter-final,Best of 3,No Hype,$$ KA-CHING $$,No Hype,21,16,21,14,,,Maddy Morehouse,Malia Sato,Kayla Ngai,Christine Chang
Bracket Stage,Womens 4.0+,Bracket A,Quarter-final,Best of 3,Savage/Nguyen,YEET,Savage/Nguyen,21,7,21,19,,,Kirstie Savage,Joelle Nguyen,Alyssa Yee,Ruth Troughton
Bracket Stage,Womens 4.0+,Bracket A,Quarter-final,Best of 3,ellelowe sebmarine,Mr. & Mrs. Buckman,ellelowe sebmarine,1,0,1,0,,,Sebastiani Kim,Elle Lowe,Perrin York,Alex Buckman
Bracket Stage,Womens 4.0+,Bracket A,Semi-final,Best of 3,2kâ€¢,ellelowe sebmarine,2kâ€¢,21,12,1,0,,,Karah Hui,Kayla Wu,Sebastiani Kim,Elle Lowe
Bracket Stage,Womens 4.0+,Bracket A,Semi-final,Best of 3,No Hype,Savage/Nguyen,No Hype,21,18,21,17,,,Maddy Morehouse,Malia Sato,Kirstie Savage,Joelle Nguyen
Bracket Stage,Womens 4.0+,Bracket A,Final,Best of 3,2kâ€¢,No Hype,2kâ€¢,21,16,21,18,,,Karah Hui,Kayla Wu,Maddy Morehouse,Malia Sato
Bracket Stage,Womens 4.0+,Bracket A,P3: Final,Best of 3,Savage/Nguyen,ellelowe sebmarine,Savage/Nguyen,24,22,21,11,,,Kirstie Savage,Joelle Nguyen,Sebastiani Kim,Elle Lowe
Bracket Stage,Womens 4.0+,Bracket A,P9: Final,Single game,Tung/Stacey,Cham Chowder for Dinher,Tung/Stacey,1,0,,,,,Stacey Grimes,Tung Lin,Bethany Dinh,Abby Cham
Pool Play,Mixed 4.0+,Group A,1,Single game,TRP Sickest Beasts,Snap Crackle Pop,TRP Sickest Beasts,21,14,,,,,Karah Hui,Dan Abrams,Bethany Dinh,Joey Carmichael
Pool Play,Mixed 4.0+,Group A,1,Single game,EZ Podium,Loki Clean,Loki Clean,15,21,,,,,Andrew Kosche,Christine Chang,Sebastiani Kim,David Gonzales
Pool Play,Mixed 4.0+,Group B,1,Single game,queens of healthðŸ‘‘,Lost in the Sauce,queens of healthðŸ‘‘,21,15,,,,,Malachi Espinola,Tiff Ding,Naomi Lopez,Zach Bergevin
Pool Play,Mixed 4.0+,Group B,1,Single game,Camille/Xande,Cain you Ngot,Camille/Xande,21,15,,,,,Xande Plaisted,Camille Anderson,Kayla Ngai,Josh Cain
Pool Play,Mixed 4.0+,Group C,1,Single game,Fresh Prince of DeLair,Good in the Neighborhood,Fresh Prince of DeLair,21,10,,,,,Judy Tian,Blake Bosak,Anthony Winney,Sheba Naderzad
Pool Play,Mixed 4.0+,Group C,1,Single game,Mild,Lowe/Frag,Lowe/Frag,12,21,,,,,Malia Sato,Luke Pennington,Josh Fragiacomo,Elle Lowe
Pool Play,Mixed 4.0+,Group D,1,Single game,Yorking the Glork,Steric Hinderance,Yorking the Glork,21,3,,,,,Perrin York,Grant Laughlin,JOEL GLASMAN,Delaney Cheffer
Pool Play,Mixed 4.0+,Group D,1,Single game,"Be Nice, Get Engaged, Take Acid",Cool & Collected,"Be Nice, Get Engaged, Take Acid",21,17,,,,,Trevor Barbosa,Kayla Wu,Kirstie Savage,Bryant Karratti
Pool Play,Mixed 4.0+,Group A,2,Single game,TRP Sickest Beasts,Loki Clean,TRP Sickest Beasts,21,12,,,,,Karah Hui,Dan Abrams,Sebastiani Kim,David Gonzales
Pool Play,Mixed 4.0+,Group A,2,Single game,Lamps Don't Think That Fast,Snap Crackle Pop,Lamps Don't Think That Fast,21,14,,,,,Jacob Payer,Mey Helm,Bethany Dinh,Joey Carmichael
Pool Play,Mixed 4.0+,Group B,2,Single game,queens of healthðŸ‘‘,Cain you Ngot,queens of healthðŸ‘‘,21,17,,,,,Malachi Espinola,Tiff Ding,Kayla Ngai,Josh Cain
Pool Play,Mixed 4.0+,Group B,2,Single game,SlimThicc,Lost in the Sauce,SlimThicc,21,16,,,,,Jason Rhoads,Joelle Nguyen,Naomi Lopez,Zach Bergevin
Pool Play,Mixed 4.0+,Group C,2,Single game,Fresh Prince of DeLair,Lowe/Frag,Fresh Prince of DeLair,21,19,,,,,Judy Tian,Blake Bosak,Josh Fragiacomo,Elle Lowe
Pool Play,Mixed 4.0+,Group C,2,Single game,Samâ€™s Sugababies,Good in the Neighborhood,Samâ€™s Sugababies,21,16,,,,,Alex Buckman,"Brandon  Brown ",Anthony Winney,Sheba Naderzad
Pool Play,Mixed 4.0+,Group D,2,Single game,Yorking the Glork,Cool & Collected,Cool & Collected,14,21,,,,,Perrin York,Grant Laughlin,Kirstie Savage,Bryant Karratti
Pool Play,Mixed 4.0+,Group D,2,Single game,AC(e),Steric Hinderance,AC(e),21,7,,,,,Abby Cham,Andrew Christmas,JOEL GLASMAN,Delaney Cheffer
Pool Play,Mixed 4.0+,Group A,3,Single game,TRP Sickest Beasts,Lamps Don't Think That Fast,TRP Sickest Beasts,21,19,,,,,Karah Hui,Dan Abrams,Jacob Payer,Mey Helm
Pool Play,Mixed 4.0+,Group A,3,Single game,EZ Podium,Snap Crackle Pop,EZ Podium,21,14,,,,,Andrew Kosche,Christine Chang,Bethany Dinh,Joey Carmichael
Pool Play,Mixed 4.0+,Group B,3,Single game,queens of healthðŸ‘‘,SlimThicc,queens of healthðŸ‘‘,21,18,,,,,Malachi Espinola,Tiff Ding,Jason Rhoads,Joelle Nguyen
Pool Play,Mixed 4.0+,Group B,3,Single game,Camille/Xande,Lost in the Sauce,Camille/Xande,21,14,,,,,Xande Plaisted,Camille Anderson,Naomi Lopez,Zach Bergevin
Pool Play,Mixed 4.0+,Group C,3,Single game,Fresh Prince of DeLair,Samâ€™s Sugababies,Fresh Prince of DeLair,21,18,,,,,Judy Tian,Blake Bosak,Alex Buckman,"Brandon  Brown "
Pool Play,Mixed 4.0+,Group C,3,Single game,Mild,Good in the Neighborhood,Mild,21,13,,,,,Malia Sato,Luke Pennington,Anthony Winney,Sheba Naderzad
Pool Play,Mixed 4.0+,Group D,3,Single game,Yorking the Glork,AC(e),Yorking the Glork,22,20,,,,,Perrin York,Grant Laughlin,Abby Cham,Andrew Christmas
Pool Play,Mixed 4.0+,Group D,3,Single game,"Be Nice, Get Engaged, Take Acid",Steric Hinderance,"Be Nice, Get Engaged, Take Acid",21,8,,,,,Trevor Barbosa,Kayla Wu,JOEL GLASMAN,Delaney Cheffer
Pool Play,Mixed 4.0+,Group A,4,Single game,EZ Podium,Lamps Don't Think That Fast,Lamps Don't Think That Fast,15,21,,,,,Andrew Kosche,Christine Chang,Jacob Payer,Mey Helm
Pool Play,Mixed 4.0+,Group A,4,Single game,Loki Clean,Snap Crackle Pop,Loki Clean,21,13,,,,,Sebastiani Kim,David Gonzales,Bethany Dinh,Joey Carmichael
Pool Play,Mixed 4.0+,Group B,4,Single game,Camille/Xande,SlimThicc,Camille/Xande,21,15,,,,,Xande Plaisted,Camille Anderson,Jason Rhoads,Joelle Nguyen
Pool Play,Mixed 4.0+,Group B,4,Single game,Cain you Ngot,Lost in the Sauce,Cain you Ngot,21,15,,,,,Kayla Ngai,Josh Cain,Naomi Lopez,Zach Bergevin
Pool Play,Mixed 4.0+,Group C,4,Single game,Mild,Samâ€™s Sugababies,Samâ€™s Sugababies,19,21,,,,,Malia Sato,Luke Pennington,Alex Buckman,"Brandon  Brown "
Pool Play,Mixed 4.0+,Group C,4,Single game,Lowe/Frag,Good in the Neighborhood,Lowe/Frag,21,11,,,,,Josh Fragiacomo,Elle Lowe,Anthony Winney,Sheba Naderzad
Pool Play,Mixed 4.0+,Group D,4,Single game,"Be Nice, Get Engaged, Take Acid",AC(e),"Be Nice, Get Engaged, Take Acid",21,16,,,,,Trevor Barbosa,Kayla Wu,Abby Cham,Andrew Christmas
Pool Play,Mixed 4.0+,Group D,4,Single game,Cool & Collected,Steric Hinderance,Cool & Collected,21,8,,,,,Kirstie Savage,Bryant Karratti,JOEL GLASMAN,Delaney Cheffer
Pool Play,Mixed 4.0+,Group A,5,Single game,TRP Sickest Beasts,EZ Podium,TRP Sickest Beasts,21,10,,,,,Karah Hui,Dan Abrams,Andrew Kosche,Christine Chang
Pool Play,Mixed 4.0+,Group A,5,Single game,Lamps Don't Think That Fast,Loki Clean,Lamps Don't Think That Fast,21,19,,,,,Jacob Payer,Mey Helm,Sebastiani Kim,David Gonzales
Pool Play,Mixed 4.0+,Group B,5,Single game,queens of healthðŸ‘‘,Camille/Xande,Camille/Xande,15,21,,,,,Malachi Espinola,Tiff Ding,Xande Plaisted,Camille Anderson
Pool Play,Mixed 4.0+,Group B,5,Single game,SlimThicc,Cain you Ngot,SlimThicc,21,14,,,,,Jason Rhoads,Joelle Nguyen,Kayla Ngai,Josh Cain
Pool Play,Mixed 4.0+,Group C,5,Single game,Fresh Prince of DeLair,Mild,Fresh Prince of DeLair,21,11,,,,,Judy Tian,Blake Bosak,Malia Sato,Luke Pennington
Pool Play,Mixed 4.0+,Group C,5,Single game,Samâ€™s Sugababies,Lowe/Frag,Lowe/Frag,17,21,,,,,Alex Buckman,"Brandon  Brown ",Josh Fragiacomo,Elle Lowe
Pool Play,Mixed 4.0+,Group D,5,Single game,Yorking the Glork,"Be Nice, Get Engaged, Take Acid","Be Nice, Get Engaged, Take Acid",16,21,,,,,Perrin York,Grant Laughlin,Trevor Barbosa,Kayla Wu
Pool Play,Mixed 4.0+,Group D,5,Single game,AC(e),Cool & Collected,Cool & Collected,14,21,,,,,Abby Cham,Andrew Christmas,Kirstie Savage,Bryant Karratti
Bracket Stage,Mixed 4.0+,Bracket A,Round of 32,Best of 3,AC(e),Steric Hinderance,AC(e),15,7,15,13,,,Abby Cham,Andrew Christmas,JOEL GLASMAN,Delaney Cheffer
Bracket Stage,Mixed 4.0+,Bracket A,Round of 32,Best of 3,Cain you Ngot,Good in the Neighborhood,Cain you Ngot,21,17,21,12,,,Kayla Ngai,Josh Cain,Anthony Winney,Sheba Naderzad
Bracket Stage,Mixed 4.0+,Bracket A,Round of 32,Best of 3,Mild,Snap Crackle Pop,Mild,15,11,15,9,,,Malia Sato,Luke Pennington,Bethany Dinh,Joey Carmichael
Bracket Stage,Mixed 4.0+,Bracket A,Round of 32,Best of 3,EZ Podium,Lost in the Sauce,EZ Podium,16,14,15,12,,,Andrew Kosche,Christine Chang,Naomi Lopez,Zach Bergevin
Bracket Stage,Mixed 4.0+,Bracket A,Round of 16,Best of 3,TRP Sickest Beasts,EZ Podium,TRP Sickest Beasts,21,17,21,17,,,Karah Hui,Dan Abrams,Andrew Kosche,Christine Chang
Bracket Stage,Mixed 4.0+,Bracket A,Round of 16,Best of 3,"Be Nice, Get Engaged, Take Acid",Mild,"Be Nice, Get Engaged, Take Acid",28,30,21,18,21,18,Trevor Barbosa,Kayla Wu,Malia Sato,Luke Pennington
Bracket Stage,Mixed 4.0+,Bracket A,Round of 16,Best of 3,Fresh Prince of DeLair,Cain you Ngot,Fresh Prince of DeLair,21,18,21,15,,,Judy Tian,Blake Bosak,Kayla Ngai,Josh Cain
Bracket Stage,Mixed 4.0+,Bracket A,Round of 16,Best of 3,Camille/Xande,AC(e),Camille/Xande,21,10,21,12,,,Xande Plaisted,Camille Anderson,Abby Cham,Andrew Christmas
Bracket Stage,Mixed 4.0+,Bracket A,Round of 16,Best of 3,Cool & Collected,Samâ€™s Sugababies,Samâ€™s Sugababies,-1,0,-1,0,,,Kirstie Savage,Bryant Karratti,Alex Buckman,"Brandon  Brown "
Bracket Stage,Mixed 4.0+,Bracket A,Round of 16,Best of 3,Lowe/Frag,Loki Clean,Lowe/Frag,21,15,21,17,,,Josh Fragiacomo,Elle Lowe,Sebastiani Kim,David Gonzales
Bracket Stage,Mixed 4.0+,Bracket A,Round of 16,Best of 3,Lamps Don't Think That Fast,SlimThicc,SlimThicc,12,21,18,21,,,Jacob Payer,Mey Helm,Jason Rhoads,Joelle Nguyen
Bracket Stage,Mixed 4.0+,Bracket A,Round of 16,Best of 3,queens of healthðŸ‘‘,Yorking the Glork,Yorking the Glork,18,21,16,21,,,Malachi Espinola,Tiff Ding,Perrin York,Grant Laughlin
Bracket Stage,Mixed 4.0+,Bracket A,Quarter-final,Best of 3,TRP Sickest Beasts,Yorking the Glork,TRP Sickest Beasts,18,21,21,17,21,19,Karah Hui,Dan Abrams,Perrin York,Grant Laughlin
Bracket Stage,Mixed 4.0+,Bracket A,Quarter-final,Best of 3,"Be Nice, Get Engaged, Take Acid",SlimThicc,"Be Nice, Get Engaged, Take Acid",16,21,21,14,21,19,Trevor Barbosa,Kayla Wu,Jason Rhoads,Joelle Nguyen
Bracket Stage,Mixed 4.0+,Bracket A,Quarter-final,Best of 3,Fresh Prince of DeLair,Lowe/Frag,Fresh Prince of DeLair,21,17,21,16,,,Judy Tian,Blake Bosak,Josh Fragiacomo,Elle Lowe
Bracket Stage,Mixed 4.0+,Bracket A,Quarter-final,Best of 3,Camille/Xande,Samâ€™s Sugababies,Camille/Xande,19,21,21,19,21,19,Xande Plaisted,Camille Anderson,Alex Buckman,"Brandon  Brown "
Bracket Stage,Mixed 4.0+,Bracket A,Semi-final,Best of 3,TRP Sickest Beasts,Camille/Xande,TRP Sickest Beasts,21,17,21,17,,,Karah Hui,Dan Abrams,Xande Plaisted,Camille Anderson
Bracket Stage,Mixed 4.0+,Bracket A,Semi-final,Best of 3,"Be Nice, Get Engaged, Take Acid",Fresh Prince of DeLair,Fresh Prince of DeLair,19,21,16,21,,,Trevor Barbosa,Kayla Wu,Judy Tian,Blake Bosak
Bracket Stage,Mixed 4.0+,Bracket A,Final,Best of 3,TRP Sickest Beasts,Fresh Prince of DeLair,TRP Sickest Beasts,21,19,18,21,25,23,Karah Hui,Dan Abrams,Judy Tian,Blake Bosak
Bracket Stage,Mixed 4.0+,Bracket A,P3: Final,Best of 3,"Be Nice, Get Engaged, Take Acid",Camille/Xande,Camille/Xande,-1,0,-1,0,,,Trevor Barbosa,Kayla Wu,Xande Plaisted,Camille Anderson