Stage,Division,Group/Bracket,Round,Match format,Team A,Team B,Winning team,Game 1 - Score team A,Game 1 - Score team B,Game 2 - Score team A,Game 2 - Score team B,Game 3 - Score team A,Game 3 - Score team B,Team A - Player 1,Team A - Player 2,Team A - Player 3,Team B - Player 1,Team B - Player 2,Team B - Player 3
Pool Play,Premier 5.0+,Pool A,1,Single game,Judgment Day,Morgan/Mowry,Judgment Day,21,16,,,,,fredric hinkle,Gabriel Finocchi,,Dawson Morgan,Luke Mowry,
Pool Play,Premier 5.0+,Pool A,1,Single game,Bad Combo,TRP Mermaid Sparkle,Bad Combo,21,17,,,,,Rahul Murthy,Will Picone,,Noah Luskus,Christian Bennett,
Pool Play,Premier 5.0+,Pool B,1,Single game,Assistive Touch,Cigar Boys,Assistive Touch,21,17,,,,,Clark Marshall,Buddy Hammon,,Grant Laughlin,Dan Abrams,
Pool Play,Premier 5.0+,Pool B,1,Single game,TRP Spotless,Insystem,Insystem,18,21,,,,,Joe Bondi,Ryan Gross,,Blake Bosak,Etienne Cote,
Pool Play,Premier 5.0+,Pool C,1,Single game,TRP Moneyline,Lanky and Clanky,TRP Moneyline,21,13,,,,,Ryder Rivadeneyra,Matthew Cole,,Grant Gouger,Jesse Lehn,
Pool Play,Premier 5.0+,Pool C,1,Single game,Edgerunners,here to slay,here to slay,17,21,,,,,Chase Meyer,Clifton Miller,,Dax O'Hair,bradley thompson,
Pool Play,Premier 5.0+,Pool D,1,Single game,Not.Ok,Moon Boys,Not.Ok,21,19,,,,,Xande Plaisted,Anthony Clifford,,Jordan Freitas,Conner Bradshaw,
Pool Play,Premier 5.0+,Pool D,1,Single game,Native Texans,Hot‘n‘cold,Hot‘n‘cold,19,21,,,,,Dylan Bricker,Grayson M  Wills,,Trent Alderfer,Cody Brower,
Pool Play,Premier 5.0+,Pool E,1,Single game,Quality Service,Teenage Dirtbags,Quality Service,21,18,,,,,Jacob Payer,Andrew Kosche,,Taylor Sanford,Kannon Forbush,
Pool Play,Premier 5.0+,Pool E,1,Single game,NK.,BenDu Over,BenDu Over,13,21,,,,,kevin um,Nick Wideman,,Michael Du,Benjamin Banuelos,
Pool Play,Premier 5.0+,Pool F,1,Single game,WySpike Synergy,Burqueños,WySpike Synergy,21,10,,,,,Matthew Burrows,Nick Noguez,,Luke Freimanis,Daniel Blodgett,
Pool Play,Premier 5.0+,Pool F,1,Single game,Ball Blasters,Dialed,Dialed,16,21,,,,,David Gonzales,Rendall Weaver,,Luke Pennington,Josh Cain,
Pool Play,Premier 5.0+,Pool G,1,Single game,Profit Boost,Last Place,Profit Boost,21,17,,,,,Justin Shaytar,Kieran Rose,,Ben Arauzo,Zayne Shields,
Pool Play,Premier 5.0+,Pool G,1,Single game,Jersey Boyz,Goblin giant,Goblin giant,18,21,,,,,Corey Weiss,Matt Spolarich,,Kyan Kornfeld,Nickhil Anantha,
Pool Play,Premier 5.0+,Pool H,1,Single game,Lazy,Charlie and the Chocolate Factory,Lazy,21,13,,,,,Luke Marshall,Cade Larson,,David Mitchell,Charlie Camarena,
Pool Play,Premier 5.0+,Pool H,1,Single game,Sawtooth Spikers,Royal Flush,Royal Flush,17,21,,,,,Thomas Maloney,Dennis Joseph,,Bryant Karratti,Jake LeBaron,
Pool Play,Premier 5.0+,Pool I,1,Single game,"Depression, Cheez-Its, and Cargo Shorts","Happenstance ","Depression, Cheez-Its, and Cargo Shorts",21,18,,,,,Taylor Church,Garrett Carver,,Jalen Butkus,John Hickmott,
Pool Play,Premier 5.0+,Pool I,1,Single game,Big Dawgs,Hit Ball Hard,Big Dawgs,21,17,,,,,Caleb Cummings,Tyler Fernandez,,Adam Porter,Garrett Ashton,
Pool Play,Premier 5.0+,Pool J,1,Single game,Chelsea United,Couldn't Carry less,Chelsea United,21,16,,,,,Josh Fragiacomo,Ethan Zehr,,Slade Warner,Arrow Griner,
Pool Play,Premier 5.0+,Pool J,1,Single game,BorderLine,Disordered,Disordered,18,21,,,,,Kaleb Wagner,Trey Thompson,,Solomon Berry,Andrew Greer,
Pool Play,Premier 5.0+,Pool A,2,Single game,Judgment Day,TRP Mermaid Sparkle,Judgment Day,21,19,,,,,fredric hinkle,Gabriel Finocchi,,Noah Luskus,Christian Bennett,
Pool Play,Premier 5.0+,Pool A,2,Single game,Bad Combo,Morgan/Mowry,Morgan/Mowry,16,21,,,,,Rahul Murthy,Will Picone,,Dawson Morgan,Luke Mowry,
Pool Play,Premier 5.0+,Pool B,2,Single game,Assistive Touch,Insystem,Insystem,14,21,,,,,Clark Marshall,Buddy Hammon,,Blake Bosak,Etienne Cote,
Pool Play,Premier 5.0+,Pool B,2,Single game,TRP Spotless,Cigar Boys,TRP Spotless,21,19,,,,,Joe Bondi,Ryan Gross,,Grant Laughlin,Dan Abrams,
Pool Play,Premier 5.0+,Pool C,2,Single game,TRP Moneyline,here to slay,TRP Moneyline,21,11,,,,,Ryder Rivadeneyra,Matthew Cole,,Dax O'Hair,bradley thompson,
Pool Play,Premier 5.0+,Pool C,2,Single game,Edgerunners,Lanky and Clanky,Edgerunners,23,21,,,,,Chase Meyer,Clifton Miller,,Grant Gouger,Jesse Lehn,
Pool Play,Premier 5.0+,Pool D,2,Single game,Not.Ok,Hot‘n‘cold,Not.Ok,21,13,,,,,Xande Plaisted,Anthony Clifford,,Trent Alderfer,Cody Brower,
Pool Play,Premier 5.0+,Pool D,2,Single game,Native Texans,Moon Boys,Native Texans,21,18,,,,,Dylan Bricker,Grayson M  Wills,,Jordan Freitas,Conner Bradshaw,
Pool Play,Premier 5.0+,Pool E,2,Single game,Quality Service,BenDu Over,Quality Service,22,20,,,,,Jacob Payer,Andrew Kosche,,Michael Du,Benjamin Banuelos,
Pool Play,Premier 5.0+,Pool E,2,Single game,NK.,Teenage Dirtbags,NK.,21,16,,,,,kevin um,Nick Wideman,,Taylor Sanford,Kannon Forbush,
Pool Play,Premier 5.0+,Pool F,2,Single game,WySpike Synergy,Dialed,Dialed,20,22,,,,,Matthew Burrows,Nick Noguez,,Luke Pennington,Josh Cain,
Pool Play,Premier 5.0+,Pool F,2,Single game,Ball Blasters,Burqueños,Ball Blasters,21,11,,,,,David Gonzales,Rendall Weaver,,Luke Freimanis,Daniel Blodgett,
Pool Play,Premier 5.0+,Pool G,2,Single game,Profit Boost,Goblin giant,Profit Boost,22,20,,,,,Justin Shaytar,Kieran Rose,,Kyan Kornfeld,Nickhil Anantha,
Pool Play,Premier 5.0+,Pool G,2,Single game,Jersey Boyz,Last Place,Jersey Boyz,21,17,,,,,Corey Weiss,Matt Spolarich,,Ben Arauzo,Zayne Shields,
Pool Play,Premier 5.0+,Pool H,2,Single game,Lazy,Royal Flush,Lazy,21,17,,,,,Luke Marshall,Cade Larson,,Bryant Karratti,Jake LeBaron,
Pool Play,Premier 5.0+,Pool H,2,Single game,Sawtooth Spikers,Charlie and the Chocolate Factory,Sawtooth Spikers,21,19,,,,,Thomas Maloney,Dennis Joseph,,David Mitchell,Charlie Camarena,
Pool Play,Premier 5.0+,Pool I,2,Single game,"Depression, Cheez-Its, and Cargo Shorts",Hit Ball Hard,"Depression, Cheez-Its, and Cargo Shorts",21,16,,,,,Taylor Church,Garrett Carver,,Adam Porter,Garrett Ashton,
Pool Play,Premier 5.0+,Pool I,2,Single game,Big Dawgs,"Happenstance ",Big Dawgs,21,7,,,,,Caleb Cummings,Tyler Fernandez,,Jalen Butkus,John Hickmott,
Pool Play,Premier 5.0+,Pool J,2,Single game,Chelsea United,Disordered,Chelsea United,25,23,,,,,Josh Fragiacomo,Ethan Zehr,,Solomon Berry,Andrew Greer,
Pool Play,Premier 5.0+,Pool J,2,Single game,BorderLine,Couldn't Carry less,BorderLine,21,18,,,,,Kaleb Wagner,Trey Thompson,,Slade Warner,Arrow Griner,
Pool Play,Premier 5.0+,Pool A,3,Single game,Judgment Day,Bad Combo,Judgment Day,21,19,,,,,fredric hinkle,Gabriel Finocchi,,Rahul Murthy,Will Picone,
Pool Play,Premier 5.0+,Pool A,3,Single game,TRP Mermaid Sparkle,Morgan/Mowry,TRP Mermaid Sparkle,21,18,,,,,Noah Luskus,Christian Bennett,,Dawson Morgan,Luke Mowry,
Pool Play,Premier 5.0+,Pool B,3,Single game,Assistive Touch,TRP Spotless,TRP Spotless,15,21,,,,,Clark Marshall,Buddy Hammon,,Joe Bondi,Ryan Gross,
Pool Play,Premier 5.0+,Pool B,3,Single game,Insystem,Cigar Boys,Insystem,21,17,,,,,Blake Bosak,Etienne Cote,,Grant Laughlin,Dan Abrams,
Pool Play,Premier 5.0+,Pool C,3,Single game,TRP Moneyline,Edgerunners,TRP Moneyline,21,13,,,,,Ryder Rivadeneyra,Matthew Cole,,Chase Meyer,Clifton Miller,
Pool Play,Premier 5.0+,Pool C,3,Single game,here to slay,Lanky and Clanky,Lanky and Clanky,17,21,,,,,Dax O'Hair,bradley thompson,,Grant Gouger,Jesse Lehn,
Pool Play,Premier 5.0+,Pool D,3,Single game,Not.Ok,Native Texans,Not.Ok,21,15,,,,,Xande Plaisted,Anthony Clifford,,Dylan Bricker,Grayson M  Wills,
Pool Play,Premier 5.0+,Pool D,3,Single game,Hot‘n‘cold,Moon Boys,Moon Boys,15,21,,,,,Trent Alderfer,Cody Brower,,Jordan Freitas,Conner Bradshaw,
Pool Play,Premier 5.0+,Pool E,3,Single game,Quality Service,NK.,Quality Service,21,16,,,,,Jacob Payer,Andrew Kosche,,kevin um,Nick Wideman,
Pool Play,Premier 5.0+,Pool E,3,Single game,BenDu Over,Teenage Dirtbags,BenDu Over,21,15,,,,,Michael Du,Benjamin Banuelos,,Taylor Sanford,Kannon Forbush,
Pool Play,Premier 5.0+,Pool F,3,Single game,WySpike Synergy,Ball Blasters,WySpike Synergy,25,24,,,,,Matthew Burrows,Nick Noguez,,David Gonzales,Rendall Weaver,
Pool Play,Premier 5.0+,Pool F,3,Single game,Dialed,Burqueños,Dialed,21,14,,,,,Luke Pennington,Josh Cain,,Luke Freimanis,Daniel Blodgett,
Pool Play,Premier 5.0+,Pool G,3,Single game,Profit Boost,Jersey Boyz,Profit Boost,21,17,,,,,Justin Shaytar,Kieran Rose,,Corey Weiss,Matt Spolarich,
Pool Play,Premier 5.0+,Pool G,3,Single game,Goblin giant,Last Place,Goblin giant,21,17,,,,,Kyan Kornfeld,Nickhil Anantha,,Ben Arauzo,Zayne Shields,
Pool Play,Premier 5.0+,Pool H,3,Single game,Lazy,Sawtooth Spikers,Lazy,21,9,,,,,Luke Marshall,Cade Larson,,Thomas Maloney,Dennis Joseph,
Pool Play,Premier 5.0+,Pool H,3,Single game,Royal Flush,Charlie and the Chocolate Factory,Charlie and the Chocolate Factory,17,21,,,,,Bryant Karratti,Jake LeBaron,,David Mitchell,Charlie Camarena,
Pool Play,Premier 5.0+,Pool I,3,Single game,"Depression, Cheez-Its, and Cargo Shorts",Big Dawgs,Big Dawgs,19,21,,,,,Taylor Church,Garrett Carver,,Caleb Cummings,Tyler Fernandez,
Pool Play,Premier 5.0+,Pool I,3,Single game,Hit Ball Hard,"Happenstance ",Hit Ball Hard,21,15,,,,,Adam Porter,Garrett Ashton,,Jalen Butkus,John Hickmott,
Pool Play,Premier 5.0+,Pool J,3,Single game,Chelsea United,BorderLine,BorderLine,17,21,,,,,Josh Fragiacomo,Ethan Zehr,,Kaleb Wagner,Trey Thompson,
Pool Play,Premier 5.0+,Pool J,3,Single game,Disordered,Couldn't Carry less,Disordered,21,13,,,,,Solomon Berry,Andrew Greer,,Slade Warner,Arrow Griner,
Pool Play,Premier 5.0+,Pool A,4,Single game,Judgment Day,Morgan/Mowry,Judgment Day,21,10,,,,,fredric hinkle,Gabriel Finocchi,,Dawson Morgan,Luke Mowry,
Pool Play,Premier 5.0+,Pool A,4,Single game,Bad Combo,TRP Mermaid Sparkle,Bad Combo,21,17,,,,,Rahul Murthy,Will Picone,,Noah Luskus,Christian Bennett,
Pool Play,Premier 5.0+,Pool B,4,Single game,Assistive Touch,Cigar Boys,Assistive Touch,23,21,,,,,Clark Marshall,Buddy Hammon,,Grant Laughlin,Dan Abrams,
Pool Play,Premier 5.0+,Pool B,4,Single game,TRP Spotless,Insystem,TRP Spotless,21,17,,,,,Joe Bondi,Ryan Gross,,Blake Bosak,Etienne Cote,
Pool Play,Premier 5.0+,Pool C,4,Single game,TRP Moneyline,Lanky and Clanky,TRP Moneyline,21,17,,,,,Ryder Rivadeneyra,Matthew Cole,,Grant Gouger,Jesse Lehn,
Pool Play,Premier 5.0+,Pool C,4,Single game,Edgerunners,here to slay,here to slay,19,21,,,,,Chase Meyer,Clifton Miller,,Dax O'Hair,bradley thompson,
Pool Play,Premier 5.0+,Pool D,4,Single game,Not.Ok,Moon Boys,Not.Ok,21,10,,,,,Xande Plaisted,Anthony Clifford,,Jordan Freitas,Conner Bradshaw,
Pool Play,Premier 5.0+,Pool D,4,Single game,Native Texans,Hot‘n‘cold,Native Texans,21,18,,,,,Dylan Bricker,Grayson M  Wills,,Trent Alderfer,Cody Brower,
Pool Play,Premier 5.0+,Pool E,4,Single game,Quality Service,Teenage Dirtbags,Quality Service,22,20,,,,,Jacob Payer,Andrew Kosche,,Taylor Sanford,Kannon Forbush,
Pool Play,Premier 5.0+,Pool E,4,Single game,NK.,BenDu Over,NK.,22,20,,,,,kevin um,Nick Wideman,,Michael Du,Benjamin Banuelos,
Pool Play,Premier 5.0+,Pool F,4,Single game,WySpike Synergy,Burqueños,WySpike Synergy,21,6,,,,,Matthew Burrows,Nick Noguez,,Luke Freimanis,Daniel Blodgett,
Pool Play,Premier 5.0+,Pool F,4,Single game,Ball Blasters,Dialed,Ball Blasters,21,19,,,,,David Gonzales,Rendall Weaver,,Luke Pennington,Josh Cain,
Pool Play,Premier 5.0+,Pool G,4,Single game,Profit Boost,Last Place,Profit Boost,21,17,,,,,Justin Shaytar,Kieran Rose,,Ben Arauzo,Zayne Shields,
Pool Play,Premier 5.0+,Pool G,4,Single game,Jersey Boyz,Goblin giant,Jersey Boyz,21,17,,,,,Corey Weiss,Matt Spolarich,,Kyan Kornfeld,Nickhil Anantha,
Pool Play,Premier 5.0+,Pool H,4,Single game,Lazy,Charlie and the Chocolate Factory,Lazy,21,12,,,,,Luke Marshall,Cade Larson,,David Mitchell,Charlie Camarena,
Pool Play,Premier 5.0+,Pool H,4,Single game,Sawtooth Spikers,Royal Flush,Royal Flush,18,21,,,,,Thomas Maloney,Dennis Joseph,,Bryant Karratti,Jake LeBaron,
Pool Play,Premier 5.0+,Pool I,4,Single game,"Depression, Cheez-Its, and Cargo Shorts","Happenstance ","Depression, Cheez-Its, and Cargo Shorts",21,14,,,,,Taylor Church,Garrett Carver,,Jalen Butkus,John Hickmott,
Pool Play,Premier 5.0+,Pool I,4,Single game,Big Dawgs,Hit Ball Hard,Hit Ball Hard,17,21,,,,,Caleb Cummings,Tyler Fernandez,,Adam Porter,Garrett Ashton,
Pool Play,Premier 5.0+,Pool J,4,Single game,Chelsea United,Couldn't Carry less,Chelsea United,21,15,,,,,Josh Fragiacomo,Ethan Zehr,,Slade Warner,Arrow Griner,
Pool Play,Premier 5.0+,Pool J,4,Single game,BorderLine,Disordered,BorderLine,21,13,,,,,Kaleb Wagner,Trey Thompson,,Solomon Berry,Andrew Greer,
Pool Play,Premier 5.0+,Pool A,5,Single game,Judgment Day,TRP Mermaid Sparkle,Judgment Day,21,15,,,,,fredric hinkle,Gabriel Finocchi,,Noah Luskus,Christian Bennett,
Pool Play,Premier 5.0+,Pool A,5,Single game,Bad Combo,Morgan/Mowry,Bad Combo,22,20,,,,,Rahul Murthy,Will Picone,,Dawson Morgan,Luke Mowry,
Pool Play,Premier 5.0+,Pool B,5,Single game,Assistive Touch,Insystem,Assistive Touch,21,19,,,,,Clark Marshall,Buddy Hammon,,Blake Bosak,Etienne Cote,
Pool Play,Premier 5.0+,Pool B,5,Single game,TRP Spotless,Cigar Boys,TRP Spotless,21,15,,,,,Joe Bondi,Ryan Gross,,Grant Laughlin,Dan Abrams,
Pool Play,Premier 5.0+,Pool C,5,Single game,TRP Moneyline,here to slay,TRP Moneyline,21,14,,,,,Ryder Rivadeneyra,Matthew Cole,,Dax O'Hair,bradley thompson,
Pool Play,Premier 5.0+,Pool C,5,Single game,Edgerunners,Lanky and Clanky,Lanky and Clanky,15,21,,,,,Chase Meyer,Clifton Miller,,Grant Gouger,Jesse Lehn,
Pool Play,Premier 5.0+,Pool D,5,Single game,Not.Ok,Hot‘n‘cold,Not.Ok,21,17,,,,,Xande Plaisted,Anthony Clifford,,Trent Alderfer,Cody Brower,
Pool Play,Premier 5.0+,Pool D,5,Single game,Native Texans,Moon Boys,Moon Boys,13,21,,,,,Dylan Bricker,Grayson M  Wills,,Jordan Freitas,Conner Bradshaw,
Pool Play,Premier 5.0+,Pool E,5,Single game,Quality Service,BenDu Over,Quality Service,21,19,,,,,Jacob Payer,Andrew Kosche,,Michael Du,Benjamin Banuelos,
Pool Play,Premier 5.0+,Pool E,5,Single game,NK.,Teenage Dirtbags,NK.,21,16,,,,,kevin um,Nick Wideman,,Taylor Sanford,Kannon Forbush,
Pool Play,Premier 5.0+,Pool F,5,Single game,WySpike Synergy,Dialed,WySpike Synergy,21,18,,,,,Matthew Burrows,Nick Noguez,,Luke Pennington,Josh Cain,
Pool Play,Premier 5.0+,Pool F,5,Single game,Ball Blasters,Burqueños,Ball Blasters,22,20,,,,,David Gonzales,Rendall Weaver,,Luke Freimanis,Daniel Blodgett,
Pool Play,Premier 5.0+,Pool G,5,Single game,Profit Boost,Goblin giant,Profit Boost,21,16,,,,,Justin Shaytar,Kieran Rose,,Kyan Kornfeld,Nickhil Anantha,
Pool Play,Premier 5.0+,Pool G,5,Single game,Jersey Boyz,Last Place,Jersey Boyz,21,17,,,,,Corey Weiss,Matt Spolarich,,Ben Arauzo,Zayne Shields,
Pool Play,Premier 5.0+,Pool H,5,Single game,Lazy,Royal Flush,Lazy,21,13,,,,,Luke Marshall,Cade Larson,,Bryant Karratti,Jake LeBaron,
Pool Play,Premier 5.0+,Pool H,5,Single game,Sawtooth Spikers,Charlie and the Chocolate Factory,Sawtooth Spikers,21,15,,,,,Thomas Maloney,Dennis Joseph,,David Mitchell,Charlie Camarena,
Pool Play,Premier 5.0+,Pool I,5,Single game,"Depression, Cheez-Its, and Cargo Shorts",Hit Ball Hard,"Depression, Cheez-Its, and Cargo Shorts",21,18,,,,,Taylor Church,Garrett Carver,,Adam Porter,Garrett Ashton,
Pool Play,Premier 5.0+,Pool I,5,Single game,Big Dawgs,"Happenstance ",Big Dawgs,21,10,,,,,Caleb Cummings,Tyler Fernandez,,Jalen Butkus,John Hickmott,
Pool Play,Premier 5.0+,Pool J,5,Single game,Chelsea United,Disordered,Disordered,17,21,,,,,Josh Fragiacomo,Ethan Zehr,,Solomon Berry,Andrew Greer,
Pool Play,Premier 5.0+,Pool J,5,Single game,BorderLine,Couldn't Carry less,BorderLine,21,15,,,,,Kaleb Wagner,Trey Thompson,,Slade Warner,Arrow Griner,
Pool Play,Premier 5.0+,Pool A,6,Single game,Judgment Day,Bad Combo,Judgment Day,21,17,,,,,fredric hinkle,Gabriel Finocchi,,Rahul Murthy,Will Picone,
Pool Play,Premier 5.0+,Pool A,6,Single game,TRP Mermaid Sparkle,Morgan/Mowry,TRP Mermaid Sparkle,21,19,,,,,Noah Luskus,Christian Bennett,,Dawson Morgan,Luke Mowry,
Pool Play,Premier 5.0+,Pool B,6,Single game,Assistive Touch,TRP Spotless,TRP Spotless,15,21,,,,,Clark Marshall,Buddy Hammon,,Joe Bondi,Ryan Gross,
Pool Play,Premier 5.0+,Pool B,6,Single game,Insystem,Cigar Boys,Cigar Boys,15,21,,,,,Blake Bosak,Etienne Cote,,Grant Laughlin,Dan Abrams,
Pool Play,Premier 5.0+,Pool C,6,Single game,TRP Moneyline,Edgerunners,TRP Moneyline,21,13,,,,,Ryder Rivadeneyra,Matthew Cole,,Chase Meyer,Clifton Miller,
Pool Play,Premier 5.0+,Pool C,6,Single game,here to slay,Lanky and Clanky,here to slay,21,18,,,,,Dax O'Hair,bradley thompson,,Grant Gouger,Jesse Lehn,
Pool Play,Premier 5.0+,Pool D,6,Single game,Not.Ok,Native Texans,Not.Ok,21,19,,,,,Xande Plaisted,Anthony Clifford,,Dylan Bricker,Grayson M  Wills,
Pool Play,Premier 5.0+,Pool D,6,Single game,Hot‘n‘cold,Moon Boys,Moon Boys,16,21,,,,,Trent Alderfer,Cody Brower,,Jordan Freitas,Conner Bradshaw,
Pool Play,Premier 5.0+,Pool E,6,Single game,Quality Service,NK.,Quality Service,21,16,,,,,Jacob Payer,Andrew Kosche,,kevin um,Nick Wideman,
Pool Play,Premier 5.0+,Pool E,6,Single game,BenDu Over,Teenage Dirtbags,BenDu Over,23,21,,,,,Michael Du,Benjamin Banuelos,,Taylor Sanford,Kannon Forbush,
Pool Play,Premier 5.0+,Pool F,6,Single game,WySpike Synergy,Ball Blasters,WySpike Synergy,21,18,,,,,Matthew Burrows,Nick Noguez,,David Gonzales,Rendall Weaver,
Pool Play,Premier 5.0+,Pool F,6,Single game,Dialed,Burqueños,Dialed,21,15,,,,,Luke Pennington,Josh Cain,,Luke Freimanis,Daniel Blodgett,
Pool Play,Premier 5.0+,Pool G,6,Single game,Profit Boost,Jersey Boyz,Jersey Boyz,19,21,,,,,Justin Shaytar,Kieran Rose,,Corey Weiss,Matt Spolarich,
Pool Play,Premier 5.0+,Pool G,6,Single game,Goblin giant,Last Place,Goblin giant,21,17,,,,,Kyan Kornfeld,Nickhil Anantha,,Ben Arauzo,Zayne Shields,
Pool Play,Premier 5.0+,Pool H,6,Single game,Lazy,Sawtooth Spikers,Lazy,21,14,,,,,Luke Marshall,Cade Larson,,Thomas Maloney,Dennis Joseph,
Pool Play,Premier 5.0+,Pool H,6,Single game,Royal Flush,Charlie and the Chocolate Factory,Royal Flush,21,16,,,,,Bryant Karratti,Jake LeBaron,,David Mitchell,Charlie Camarena,
Pool Play,Premier 5.0+,Pool I,6,Single game,"Depression, Cheez-Its, and Cargo Shorts",Big Dawgs,Big Dawgs,19,21,,,,,Taylor Church,Garrett Carver,,Caleb Cummings,Tyler Fernandez,
Pool Play,Premier 5.0+,Pool I,6,Single game,Hit Ball Hard,"Happenstance ",Hit Ball Hard,21,17,,,,,Adam Porter,Garrett Ashton,,Jalen Butkus,John Hickmott,
Pool Play,Premier 5.0+,Pool J,6,Single game,Chelsea United,BorderLine,BorderLine,17,21,,,,,Josh Fragiacomo,Ethan Zehr,,Kaleb Wagner,Trey Thompson,
Pool Play,Premier 5.0+,Pool J,6,Single game,Disordered,Couldn't Carry less,Couldn't Carry less,16,21,,,,,Solomon Berry,Andrew Greer,,Slade Warner,Arrow Griner,
Bracket Stage,Premier 5.0+,A Bracket,Round of 32,Best of 3,Lazy,here to slay,Lazy,21,18,21,16,,,Luke Marshall,Cade Larson,,Dax O'Hair,bradley thompson,
Bracket Stage,Premier 5.0+,A Bracket,Round of 32,Best of 3,TRP Moneyline,Royal Flush,TRP Moneyline,21,16,21,17,,,Ryder Rivadeneyra,Matthew Cole,,Bryant Karratti,Jake LeBaron,
Bracket Stage,Premier 5.0+,A Bracket,Round of 32,Best of 3,Not.Ok,Chelsea United,Not.Ok,21,18,23,21,,,Xande Plaisted,Anthony Clifford,,Josh Fragiacomo,Ethan Zehr,
Bracket Stage,Premier 5.0+,A Bracket,Round of 32,Best of 3,Quality Service,Moon Boys,Quality Service,21,15,21,16,,,Jacob Payer,Andrew Kosche,,Jordan Freitas,Conner Bradshaw,
Bracket Stage,Premier 5.0+,A Bracket,Round of 32,Best of 3,WySpike Synergy,BenDu Over,WySpike Synergy,21,18,21,16,,,Matthew Burrows,Nick Noguez,,Michael Du,Benjamin Banuelos,
Bracket Stage,Premier 5.0+,A Bracket,Round of 32,Best of 3,Big Dawgs,Jersey Boyz,Big Dawgs,24,22,21,15,,,Caleb Cummings,Tyler Fernandez,,Corey Weiss,Matt Spolarich,
Bracket Stage,Premier 5.0+,A Bracket,Round of 32,Best of 3,BorderLine,"Depression, Cheez-Its, and Cargo Shorts",BorderLine,18,21,21,16,21,18,Kaleb Wagner,Trey Thompson,,Taylor Church,Garrett Carver,
Bracket Stage,Premier 5.0+,A Bracket,Round of 32,Best of 3,Profit Boost,Dialed,Profit Boost,21,18,21,16,,,Justin Shaytar,Kieran Rose,,Luke Pennington,Josh Cain,
Bracket Stage,Premier 5.0+,A Bracket,Round of 16,Best of 3,Judgment Day,Profit Boost,Judgment Day,21,17,22,20,,,fredric hinkle,Gabriel Finocchi,,Justin Shaytar,Kieran Rose,
Bracket Stage,Premier 5.0+,A Bracket,Round of 16,Best of 3,TRP Spotless,BorderLine,TRP Spotless,21,16,21,10,,,Joe Bondi,Ryan Gross,,Kaleb Wagner,Trey Thompson,
Bracket Stage,Premier 5.0+,A Bracket,Round of 16,Best of 3,Insystem,Big Dawgs,Insystem,21,16,21,18,,,Blake Bosak,Etienne Cote,,Caleb Cummings,Tyler Fernandez,
Bracket Stage,Premier 5.0+,A Bracket,Round of 16,Best of 3,Bad Combo,WySpike Synergy,Bad Combo,21,18,21,17,,,Rahul Murthy,Will Picone,,Matthew Burrows,Nick Noguez,
Bracket Stage,Premier 5.0+,A Bracket,Round of 16,Best of 3,Assistive Touch,Quality Service,Assistive Touch,22,20,21,12,,,Clark Marshall,Buddy Hammon,,Jacob Payer,Andrew Kosche,
Bracket Stage,Premier 5.0+,A Bracket,Round of 16,Best of 3,TRP Mermaid Sparkle,Not.Ok,Not.Ok,18,21,21,15,22,24,Noah Luskus,Christian Bennett,,Xande Plaisted,Anthony Clifford,
Bracket Stage,Premier 5.0+,A Bracket,Round of 16,Best of 3,Cigar Boys,TRP Moneyline,TRP Moneyline,19,21,15,21,,,Grant Laughlin,Dan Abrams,,Ryder Rivadeneyra,Matthew Cole,
Bracket Stage,Premier 5.0+,A Bracket,Round of 16,Best of 3,Morgan/Mowry,Lazy,Lazy,14,21,21,13,18,21,Dawson Morgan,Luke Mowry,,Luke Marshall,Cade Larson,
Bracket Stage,Premier 5.0+,A Bracket,Quarter-final,Best of 3,Judgment Day,Lazy,Judgment Day,21,19,21,16,,,fredric hinkle,Gabriel Finocchi,,Luke Marshall,Cade Larson,
Bracket Stage,Premier 5.0+,A Bracket,Quarter-final,Best of 3,TRP Spotless,TRP Moneyline,TRP Moneyline,14,21,29,27,13,21,Joe Bondi,Ryan Gross,,Ryder Rivadeneyra,Matthew Cole,
Bracket Stage,Premier 5.0+,A Bracket,Quarter-final,Best of 3,Insystem,Not.Ok,Insystem,21,19,22,20,,,Blake Bosak,Etienne Cote,,Xande Plaisted,Anthony Clifford,
Bracket Stage,Premier 5.0+,A Bracket,Quarter-final,Best of 3,Bad Combo,Assistive Touch,Bad Combo,19,21,21,14,23,21,Rahul Murthy,Will Picone,,Clark Marshall,Buddy Hammon,
Bracket Stage,Premier 5.0+,A Bracket,P9: Quarter-final,Best of 3,Morgan/Mowry,Profit Boost,Profit Boost,15,21,-1,0,,,Dawson Morgan,Luke Mowry,,Justin Shaytar,Kieran Rose,
Bracket Stage,Premier 5.0+,A Bracket,P9: Quarter-final,Best of 3,Cigar Boys,BorderLine,Cigar Boys,21,15,21,19,,,Grant Laughlin,Dan Abrams,,Kaleb Wagner,Trey Thompson,
Bracket Stage,Premier 5.0+,A Bracket,P9: Quarter-final,Best of 3,TRP Mermaid Sparkle,Big Dawgs,Big Dawgs,-1,0,-1,0,,,Noah Luskus,Christian Bennett,,Caleb Cummings,Tyler Fernandez,
Bracket Stage,Premier 5.0+,A Bracket,P9: Quarter-final,Best of 3,Quality Service,WySpike Synergy,Quality Service,0,-2,0,-2,,,Jacob Payer,Andrew Kosche,,Matthew Burrows,Nick Noguez,
Bracket Stage,Premier 5.0+,A Bracket,P17: Quarter-final,Single game,Dialed,here to slay,Dialed,2,1,,,,,Luke Pennington,Josh Cain,,Dax O'Hair,bradley thompson,
Bracket Stage,Premier 5.0+,A Bracket,P17: Quarter-final,Single game,"Depression, Cheez-Its, and Cargo Shorts",Royal Flush,Royal Flush,0,1,,,,,Taylor Church,Garrett Carver,,Bryant Karratti,Jake LeBaron,
Bracket Stage,Premier 5.0+,A Bracket,P17: Quarter-final,Single game,Jersey Boyz,Chelsea United,Jersey Boyz,1,0,,,,,Corey Weiss,Matt Spolarich,,Josh Fragiacomo,Ethan Zehr,
Bracket Stage,Premier 5.0+,A Bracket,P17: Quarter-final,Single game,BenDu Over,Moon Boys,BenDu Over,1,0,,,,,Michael Du,Benjamin Banuelos,,Jordan Freitas,Conner Bradshaw,
Bracket Stage,Premier 5.0+,A Bracket,Semi-final,Best of 3,Judgment Day,Bad Combo,Judgment Day,21,19,17,21,21,16,fredric hinkle,Gabriel Finocchi,,Rahul Murthy,Will Picone,
Bracket Stage,Premier 5.0+,A Bracket,Semi-final,Best of 3,TRP Moneyline,Insystem,TRP Moneyline,21,18,21,15,,,Ryder Rivadeneyra,Matthew Cole,,Blake Bosak,Etienne Cote,
Bracket Stage,Premier 5.0+,A Bracket,P17: Semi-final,Single game,Dialed,BenDu Over,Dialed,21,0,,,,,Luke Pennington,Josh Cain,,Michael Du,Benjamin Banuelos,
Bracket Stage,Premier 5.0+,A Bracket,P17: Semi-final,Single game,Royal Flush,Jersey Boyz,Royal Flush,1,0,,,,,Bryant Karratti,Jake LeBaron,,Corey Weiss,Matt Spolarich,
Bracket Stage,Premier 5.0+,A Bracket,Final,Best of 3,Judgment Day,TRP Moneyline,TRP Moneyline,16,21,21,18,15,21,fredric hinkle,Gabriel Finocchi,,Ryder Rivadeneyra,Matthew Cole,
Bracket Stage,Premier 5.0+,A Bracket,P3: Final,Best of 3,Insystem,Bad Combo,Insystem,21,18,10,-3,,,Blake Bosak,Etienne Cote,,Rahul Murthy,Will Picone,
Bracket Stage,Premier 5.0+,B Bracket,Round of 16,Best of 3,Hit Ball Hard,Burqueños,Hit Ball Hard,21,15,21,16,,,Adam Porter,Garrett Ashton,,Luke Freimanis,Daniel Blodgett,
Bracket Stage,Premier 5.0+,B Bracket,Round of 16,Best of 3,Disordered,"Happenstance ",Disordered,21,13,21,16,,,Solomon Berry,Andrew Greer,,Jalen Butkus,John Hickmott,
Bracket Stage,Premier 5.0+,B Bracket,Round of 16,Best of 3,Goblin giant,Teenage Dirtbags,Goblin giant,15,21,21,19,21,16,Kyan Kornfeld,Nickhil Anantha,,Taylor Sanford,Kannon Forbush,
Bracket Stage,Premier 5.0+,B Bracket,Round of 16,Best of 3,NK.,Charlie and the Chocolate Factory,NK.,21,19,21,17,,,kevin um,Nick Wideman,,David Mitchell,Charlie Camarena,
Bracket Stage,Premier 5.0+,B Bracket,Round of 16,Best of 3,Lanky and Clanky,Edgerunners,Edgerunners,21,14,18,21,15,21,Grant Gouger,Jesse Lehn,,Chase Meyer,Clifton Miller,
Bracket Stage,Premier 5.0+,B Bracket,Round of 16,Best of 3,Native Texans,Hot‘n‘cold,Hot‘n‘cold,21,16,23,25,18,21,Dylan Bricker,Grayson M  Wills,,Trent Alderfer,Cody Brower,
Bracket Stage,Premier 5.0+,B Bracket,Round of 16,Best of 3,Sawtooth Spikers,Couldn't Carry less,Couldn't Carry less,26,28,20,22,,,Thomas Maloney,Dennis Joseph,,Slade Warner,Arrow Griner,
Bracket Stage,Premier 5.0+,B Bracket,Quarter-final,Best of 3,Ball Blasters,Couldn't Carry less,Couldn't Carry less,19,21,20,22,,,David Gonzales,Rendall Weaver,,Slade Warner,Arrow Griner,
Bracket Stage,Premier 5.0+,B Bracket,Quarter-final,Best of 3,Hit Ball Hard,Hot‘n‘cold,Hit Ball Hard,21,15,21,13,,,Adam Porter,Garrett Ashton,,Trent Alderfer,Cody Brower,
Bracket Stage,Premier 5.0+,B Bracket,Quarter-final,Best of 3,Disordered,Edgerunners,Disordered,21,16,21,19,,,Solomon Berry,Andrew Greer,,Chase Meyer,Clifton Miller,
Bracket Stage,Premier 5.0+,B Bracket,Quarter-final,Best of 3,Goblin giant,NK.,NK.,21,17,19,21,13,21,Kyan Kornfeld,Nickhil Anantha,,kevin um,Nick Wideman,
Bracket Stage,Premier 5.0+,B Bracket,P9: Quarter-final,Single game,Native Texans,Burqueños,Native Texans,21,18,,,,,Dylan Bricker,Grayson M  Wills,,Luke Freimanis,Daniel Blodgett,
Bracket Stage,Premier 5.0+,B Bracket,P9: Quarter-final,Single game,Charlie and the Chocolate Factory,Teenage Dirtbags,Charlie and the Chocolate Factory,1,0,,,,,David Mitchell,Charlie Camarena,,Taylor Sanford,Kannon Forbush,
Bracket Stage,Premier 5.0+,B Bracket,Semi-final,Best of 3,Couldn't Carry less,NK.,NK.,-1,0,-1,0,,,Slade Warner,Arrow Griner,,kevin um,Nick Wideman,
Bracket Stage,Premier 5.0+,B Bracket,Semi-final,Best of 3,Hit Ball Hard,Disordered,Disordered,15,21,18,21,,,Adam Porter,Garrett Ashton,,Solomon Berry,Andrew Greer,
Bracket Stage,Premier 5.0+,B Bracket,Final,Best of 3,NK.,Disordered,Disordered,-1,0,-1,0,,,kevin um,Nick Wideman,,Solomon Berry,Andrew Greer,
Bracket Stage,Premier 5.0+,B Bracket,P3: Final,Best of 3,Hit Ball Hard,Couldn't Carry less,Hit Ball Hard,0,-1,0,-1,,,Adam Porter,Garrett Ashton,,Slade Warner,Arrow Griner,
Pool Play,Women's Advanced 4.0+,Pool A,1,Single game,TWINZ,angst,TWINZ,21,11,,,,,Ali Jenki,Olivia Jenki,,Kalin Morgan,Sarah Allen,
Pool Play,Women's Advanced 4.0+,Pool A,1,Single game,K2.,2k•,K2.,21,15,,,,,Laura Kunzelmann,Katie Pierson,,Kayla Wu,Karah Hui,Kayla Wu
Pool Play,Women's Advanced 4.0+,Pool B,1,Single game,No Hype,Wendy’s 4 for 4,No Hype,21,12,,,,,Maddy Morehouse,Malia Sato,,Tory White,Hailee Bennett,
Pool Play,Women's Advanced 4.0+,Pool B,1,Single game,Outside Voices,$$ KA-CHING $$,$$ KA-CHING $$,17,21,,,,,Perrin York,Sebastiani Kim,,Kayla Ngai,Christine Chang,
Pool Play,Women's Advanced 4.0+,Pool C,1,Single game,Anderson/Savage,BK Whoppers,Anderson/Savage,21,4,,,,,Camille Anderson,Kirstie Savage,,Becca Feller,Kailey Windsor,
Pool Play,Women's Advanced 4.0+,Pool C,1,Single game,Morton/Gahley,Loopy Juice,Morton/Gahley,21,15,,,,,Nicol Gahley,Cayleigh Morton,,Kate B,Lourna Szabanos,
Pool Play,Women's Advanced 4.0+,Pool A,2,Single game,TWINZ,2k•,TWINZ,21,17,,,,,Ali Jenki,Olivia Jenki,,Kayla Wu,Karah Hui,Kayla Wu
Pool Play,Women's Advanced 4.0+,Pool A,2,Single game,K2.,angst,K2.,21,19,,,,,Laura Kunzelmann,Katie Pierson,,Kalin Morgan,Sarah Allen,
Pool Play,Women's Advanced 4.0+,Pool B,2,Single game,No Hype,$$ KA-CHING $$,No Hype,21,14,,,,,Maddy Morehouse,Malia Sato,,Kayla Ngai,Christine Chang,
Pool Play,Women's Advanced 4.0+,Pool B,2,Single game,Outside Voices,Wendy’s 4 for 4,Wendy’s 4 for 4,19,21,,,,,Perrin York,Sebastiani Kim,,Tory White,Hailee Bennett,
Pool Play,Women's Advanced 4.0+,Pool C,2,Single game,Anderson/Savage,Loopy Juice,Anderson/Savage,21,7,,,,,Camille Anderson,Kirstie Savage,,Kate B,Lourna Szabanos,
Pool Play,Women's Advanced 4.0+,Pool C,2,Single game,Morton/Gahley,BK Whoppers,Morton/Gahley,21,9,,,,,Nicol Gahley,Cayleigh Morton,,Becca Feller,Kailey Windsor,
Pool Play,Women's Advanced 4.0+,Pool A,3,Single game,TWINZ,K2.,TWINZ,21,17,,,,,Ali Jenki,Olivia Jenki,,Laura Kunzelmann,Katie Pierson,
Pool Play,Women's Advanced 4.0+,Pool A,3,Single game,2k•,angst,2k•,21,16,,,,,Kayla Wu,Karah Hui,Kayla Wu,Kalin Morgan,Sarah Allen,
Pool Play,Women's Advanced 4.0+,Pool B,3,Single game,No Hype,Outside Voices,No Hype,21,17,,,,,Maddy Morehouse,Malia Sato,,Perrin York,Sebastiani Kim,
Pool Play,Women's Advanced 4.0+,Pool B,3,Single game,$$ KA-CHING $$,Wendy’s 4 for 4,Wendy’s 4 for 4,20,22,,,,,Kayla Ngai,Christine Chang,,Tory White,Hailee Bennett,
Pool Play,Women's Advanced 4.0+,Pool C,3,Single game,Anderson/Savage,Morton/Gahley,Anderson/Savage,21,8,,,,,Camille Anderson,Kirstie Savage,,Nicol Gahley,Cayleigh Morton,
Pool Play,Women's Advanced 4.0+,Pool C,3,Single game,Loopy Juice,BK Whoppers,BK Whoppers,22,24,,,,,Kate B,Lourna Szabanos,,Becca Feller,Kailey Windsor,
Pool Play,Women's Advanced 4.0+,Pool A,4,Single game,TWINZ,angst,TWINZ,21,18,,,,,Ali Jenki,Olivia Jenki,,Kalin Morgan,Sarah Allen,
Pool Play,Women's Advanced 4.0+,Pool A,4,Single game,K2.,2k•,K2.,21,19,,,,,Laura Kunzelmann,Katie Pierson,,Kayla Wu,Karah Hui,Kayla Wu
Pool Play,Women's Advanced 4.0+,Pool B,4,Single game,No Hype,Wendy’s 4 for 4,No Hype,21,19,,,,,Maddy Morehouse,Malia Sato,,Tory White,Hailee Bennett,
Pool Play,Women's Advanced 4.0+,Pool B,4,Single game,Outside Voices,$$ KA-CHING $$,Outside Voices,21,19,,,,,Perrin York,Sebastiani Kim,,Kayla Ngai,Christine Chang,
Pool Play,Women's Advanced 4.0+,Pool C,4,Single game,Anderson/Savage,BK Whoppers,Anderson/Savage,21,4,,,,,Camille Anderson,Kirstie Savage,,Becca Feller,Kailey Windsor,
Pool Play,Women's Advanced 4.0+,Pool C,4,Single game,Morton/Gahley,Loopy Juice,Morton/Gahley,21,7,,,,,Nicol Gahley,Cayleigh Morton,,Kate B,Lourna Szabanos,
Pool Play,Women's Advanced 4.0+,Pool A,5,Single game,TWINZ,2k•,TWINZ,23,21,,,,,Ali Jenki,Olivia Jenki,,Kayla Wu,Karah Hui,Kayla Wu
Pool Play,Women's Advanced 4.0+,Pool A,5,Single game,K2.,angst,K2.,21,19,,,,,Laura Kunzelmann,Katie Pierson,,Kalin Morgan,Sarah Allen,
Pool Play,Women's Advanced 4.0+,Pool B,5,Single game,No Hype,$$ KA-CHING $$,No Hype,21,17,,,,,Maddy Morehouse,Malia Sato,,Kayla Ngai,Christine Chang,
Pool Play,Women's Advanced 4.0+,Pool B,5,Single game,Outside Voices,Wendy’s 4 for 4,Outside Voices,21,19,,,,,Perrin York,Sebastiani Kim,,Tory White,Hailee Bennett,
Pool Play,Women's Advanced 4.0+,Pool C,5,Single game,Anderson/Savage,Loopy Juice,Anderson/Savage,21,6,,,,,Camille Anderson,Kirstie Savage,,Kate B,Lourna Szabanos,
Pool Play,Women's Advanced 4.0+,Pool C,5,Single game,Morton/Gahley,BK Whoppers,Morton/Gahley,21,7,,,,,Nicol Gahley,Cayleigh Morton,,Becca Feller,Kailey Windsor,
Pool Play,Women's Advanced 4.0+,Pool A,6,Single game,TWINZ,K2.,K2.,14,21,,,,,Ali Jenki,Olivia Jenki,,Laura Kunzelmann,Katie Pierson,
Pool Play,Women's Advanced 4.0+,Pool A,6,Single game,2k•,angst,2k•,21,17,,,,,Kayla Wu,Karah Hui,Kayla Wu,Kalin Morgan,Sarah Allen,
Pool Play,Women's Advanced 4.0+,Pool B,6,Single game,No Hype,Outside Voices,No Hype,21,12,,,,,Maddy Morehouse,Malia Sato,,Perrin York,Sebastiani Kim,
Pool Play,Women's Advanced 4.0+,Pool B,6,Single game,$$ KA-CHING $$,Wendy’s 4 for 4,Wendy’s 4 for 4,17,21,,,,,Kayla Ngai,Christine Chang,,Tory White,Hailee Bennett,
Pool Play,Women's Advanced 4.0+,Pool C,6,Single game,Anderson/Savage,Morton/Gahley,Anderson/Savage,21,12,,,,,Camille Anderson,Kirstie Savage,,Nicol Gahley,Cayleigh Morton,
Pool Play,Women's Advanced 4.0+,Pool C,6,Single game,Loopy Juice,BK Whoppers,BK Whoppers,20,22,,,,,Kate B,Lourna Szabanos,,Becca Feller,Kailey Windsor,
Bracket Stage,Women's Advanced 4.0+,A Bracket,Round of 16,Best of 3,Anderson/Savage,Loopy Juice,Anderson/Savage,21,7,21,5,,,Camille Anderson,Kirstie Savage,,Kate B,Lourna Szabanos,
Bracket Stage,Women's Advanced 4.0+,A Bracket,Round of 16,Best of 3,No Hype,$$ KA-CHING $$,No Hype,24,26,21,17,21,12,Maddy Morehouse,Malia Sato,,Kayla Ngai,Christine Chang,
Bracket Stage,Women's Advanced 4.0+,A Bracket,Round of 16,Best of 3,Morton/Gahley,BK Whoppers,Morton/Gahley,21,6,21,13,,,Nicol Gahley,Cayleigh Morton,,Becca Feller,Kailey Windsor,
Bracket Stage,Women's Advanced 4.0+,A Bracket,Round of 16,Best of 3,Wendy’s 4 for 4,Outside Voices,Wendy’s 4 for 4,21,16,21,15,,,Tory White,Hailee Bennett,,Perrin York,Sebastiani Kim,
Bracket Stage,Women's Advanced 4.0+,A Bracket,Quarter-final,Best of 3,TWINZ,Wendy’s 4 for 4,TWINZ,21,11,21,17,,,Ali Jenki,Olivia Jenki,,Tory White,Hailee Bennett,
Bracket Stage,Women's Advanced 4.0+,A Bracket,Quarter-final,Best of 3,K2.,Morton/Gahley,K2.,21,12,21,12,,,Laura Kunzelmann,Katie Pierson,,Nicol Gahley,Cayleigh Morton,
Bracket Stage,Women's Advanced 4.0+,A Bracket,Quarter-final,Best of 3,2k•,No Hype,2k•,21,15,21,15,,,Kayla Wu,Karah Hui,Kayla Wu,Maddy Morehouse,Malia Sato,
Bracket Stage,Women's Advanced 4.0+,A Bracket,Quarter-final,Best of 3,angst,Anderson/Savage,Anderson/Savage,18,21,16,21,,,Kalin Morgan,Sarah Allen,,Camille Anderson,Kirstie Savage,
Bracket Stage,Women's Advanced 4.0+,A Bracket,Semi-final,Best of 3,TWINZ,Anderson/Savage,TWINZ,1,0,1,0,,,Ali Jenki,Olivia Jenki,,Camille Anderson,Kirstie Savage,
Bracket Stage,Women's Advanced 4.0+,A Bracket,Semi-final,Best of 3,K2.,2k•,K2.,21,17,22,20,,,Laura Kunzelmann,Katie Pierson,,Kayla Wu,Karah Hui,Kayla Wu
Bracket Stage,Women's Advanced 4.0+,A Bracket,P5: Semi-final,Best of 3,angst,Wendy’s 4 for 4,angst,1,0,1,0,,,Kalin Morgan,Sarah Allen,,Tory White,Hailee Bennett,
Bracket Stage,Women's Advanced 4.0+,A Bracket,P5: Semi-final,Best of 3,No Hype,Morton/Gahley,No Hype,21,18,21,11,,,Maddy Morehouse,Malia Sato,,Nicol Gahley,Cayleigh Morton,
Bracket Stage,Women's Advanced 4.0+,A Bracket,P9: Semi-final,Best of 3,Outside Voices,Loopy Juice,Outside Voices,1,0,1,0,,,Perrin York,Sebastiani Kim,,Kate B,Lourna Szabanos,
Bracket Stage,Women's Advanced 4.0+,A Bracket,P9: Semi-final,Best of 3,BK Whoppers,$$ KA-CHING $$,$$ KA-CHING $$,0,1,0,1,,,Becca Feller,Kailey Windsor,,Kayla Ngai,Christine Chang,
Bracket Stage,Women's Advanced 4.0+,A Bracket,Final,Best of 3,TWINZ,K2.,K2.,21,17,16,21,18,21,Ali Jenki,Olivia Jenki,,Laura Kunzelmann,Katie Pierson,
Bracket Stage,Women's Advanced 4.0+,A Bracket,P3: Final,Best of 3,2k•,Anderson/Savage,2k•,21,14,21,19,,,Kayla Wu,Karah Hui,Kayla Wu,Camille Anderson,Kirstie Savage,
Bracket Stage,Women's Advanced 4.0+,A Bracket,P7: Final,Best of 3,Morton/Gahley,Wendy’s 4 for 4,Morton/Gahley,1,0,1,0,,,Nicol Gahley,Cayleigh Morton,,Tory White,Hailee Bennett,
Pool Play,Contender 4.5+,Pool A,1,Single game,Rice Farmers,PSR Pacific Fusion,Rice Farmers,21,16,,,,,Tayt Rogers,Tal Rogers,,lucas peng,Bryce Jacobsen,
Pool Play,Contender 4.5+,Pool A,1,Single game,guppy sauce,Main Main Introverts,Main Main Introverts,16,21,,,,,Andrew Yager,Cisco Yager,,Keaton Hawk,Daulton Monkress,
Pool Play,Contender 4.5+,Pool B,1,Single game,Unfinished Business,Daniel/Preston,Unfinished Business,21,3,,,,,Ryan Paul,Josh DiDonato,,Daniel Wight,Preston Haight,
Pool Play,Contender 4.5+,Pool B,1,Single game,Lil Sebastian,"washed boomball ","washed boomball ",19,21,,,,,Aidan Nesbitt,Ryan Baillargeon,,benson goates,connor anderson,
Pool Play,Contender 4.5+,Pool C,1,Single game,come to brazil,Threat Level Midnight,come to brazil,21,15,,,,,Max Huang,Alec Galbo,,Joseph Barron,Brady Price,
Pool Play,Contender 4.5+,Pool C,1,Single game,Consciousness,PSR Cut Serve Hashiras,Consciousness,21,16,,,,,Evan Bock,Michael Soliz,,Nic Albornoz,Hernestor Ramirez diaz,
Pool Play,Contender 4.5+,Pool D,1,Single game,American Spikers,RRP Safe Sets,American Spikers,21,8,,,,,Alex Hart (ASL),Jake Martha,,Casey Harman,Derrick McConnell,
Pool Play,Contender 4.5+,Pool D,1,Single game,Tombstone,Hooked On Phonics,Hooked On Phonics,16,21,,,,,Jaren Haggard,Konnor Cordingley,,Justin Anderson,Jacob Page,
Pool Play,Contender 4.5+,Pool E,1,Single game,Just BARly,Ryker/Seth,Just BARly,21,16,,,,,Remi Prince,Daniel Feller,,Ryker Brann,Seth Lee,
Pool Play,Contender 4.5+,Pool E,1,Single game,Mixed nuts," RRP Clean Combo",Mixed nuts,21,19,,,,,Ant Terrigno,Bronsten Bratley,,Aaron Holt,Ezra Belnap,
Pool Play,Contender 4.5+,Pool E,1,Single game,Dalinqwents,Mandy,Mandy,18,21,,,,,Brandon Tice,Cole Kuhlers,,Dylan Mundy,Matt Barlow,
Pool Play,Contender 4.5+,Pool F,1,Single game,let that soak in,UIdaho1,let that soak in,21,12,,,,,James Lamkin,Jake Woolley,,Noah Rieth,Ryan Ripley,
Pool Play,Contender 4.5+,Pool F,1,Single game,Dizzy,Net worth,Net worth,19,21,,,,,Jack Hart,Garrett Walter,,Bowen Maynard,Grant Turpin,
Pool Play,Contender 4.5+,Pool F,1,Single game,Crunchy,Joy Ride,Joy Ride,19,21,,,,,Chaz Klein,connor barton,,Ben Morris,Connor Larsen,
Pool Play,Contender 4.5+,Pool G,1,Single game,Irritable Ball Shmackers,The Beach Boyz,Irritable Ball Shmackers,21,17,,,,,William Foote,Rafi Moldovsky,,Malachi Ryan,Kevin Reddell,
Pool Play,Contender 4.5+,Pool G,1,Single game,Blind Date,BLANK.,Blind Date,21,13,,,,,Joseph Kaylor,Bryce Young,,Simeon Ryan,Benjamin Testerman,
Pool Play,Contender 4.5+,Pool G,1,Single game,PSR S/T,Ace High,Ace High,11,21,,,,,Derek Tang,Jason Small,,Ryan Benz,Jackson Gordon,
Pool Play,Contender 4.5+,Pool H,1,Single game,Narayan/Ruehrwein,Mario & Luigi,Narayan/Ruehrwein,21,16,,,,,Jesse Ruehrwein,Jacob Narayan,,Evan Cox,Leo Cox,
Pool Play,Contender 4.5+,Pool H,1,Single game,Felt Mo Up,"Rain Drop, Drop Shot",Felt Mo Up,21,18,,,,,Andrew Felty,Mo Beard,,Logan Grigg,Daniel Green,
Pool Play,Contender 4.5+,Pool H,1,Single game,Fresh Cuts,"The young, the old, the elite",Fresh Cuts,22,20,,,,,Mike Hamilton,Ethan Westfall,,Bradley Smith,Kyler Cote,
Pool Play,Contender 4.5+,Pool A,2,Single game,Rice Farmers,Main Main Introverts,Rice Farmers,21,12,,,,,Tayt Rogers,Tal Rogers,,Keaton Hawk,Daulton Monkress,
Pool Play,Contender 4.5+,Pool A,2,Single game,TheGOATGene,PSR Pacific Fusion,PSR Pacific Fusion,18,21,,,,,Wesley Tunelius,David Yingling,,lucas peng,Bryce Jacobsen,
Pool Play,Contender 4.5+,Pool B,2,Single game,Unfinished Business,"washed boomball ","washed boomball ",18,21,,,,,Ryan Paul,Josh DiDonato,,benson goates,connor anderson,
Pool Play,Contender 4.5+,Pool B,2,Single game,Uhh dat way,Daniel/Preston,Uhh dat way,22,20,,,,,Dylan Cloninger,curtis lawrence,,Daniel Wight,Preston Haight,
Pool Play,Contender 4.5+,Pool C,2,Single game,come to brazil,PSR Cut Serve Hashiras,come to brazil,21,18,,,,,Max Huang,Alec Galbo,,Nic Albornoz,Hernestor Ramirez diaz,
Pool Play,Contender 4.5+,Pool C,2,Single game,RRP Monkey Business,Threat Level Midnight,RRP Monkey Business,23,21,,,,,Cade Wallace,Braxton Wheatley,,Joseph Barron,Brady Price,
Pool Play,Contender 4.5+,Pool D,2,Single game,American Spikers,Hooked On Phonics,American Spikers,22,20,,,,,Alex Hart (ASL),Jake Martha,,Justin Anderson,Jacob Page,
Pool Play,Contender 4.5+,Pool D,2,Single game,dumpster divers,RRP Safe Sets,dumpster divers,21,13,,,,,Nate Gauthier,Nathan Robertt,,Casey Harman,Derrick McConnell,
Pool Play,Contender 4.5+,Pool E,2,Single game,Just BARly," RRP Clean Combo",Just BARly,21,10,,,,,Remi Prince,Daniel Feller,,Aaron Holt,Ezra Belnap,
Pool Play,Contender 4.5+,Pool E,2,Single game,Mixed nuts,Dalinqwents,Mixed nuts,21,18,,,,,Ant Terrigno,Bronsten Bratley,,Brandon Tice,Cole Kuhlers,
Pool Play,Contender 4.5+,Pool E,2,Single game,Mandy,Ryker/Seth,Mandy,21,10,,,,,Dylan Mundy,Matt Barlow,,Ryker Brann,Seth Lee,
Pool Play,Contender 4.5+,Pool F,2,Single game,let that soak in,Net worth,let that soak in,21,15,,,,,James Lamkin,Jake Woolley,,Bowen Maynard,Grant Turpin,
Pool Play,Contender 4.5+,Pool F,2,Single game,Dizzy,Crunchy,Dizzy,21,16,,,,,Jack Hart,Garrett Walter,,Chaz Klein,connor barton,
Pool Play,Contender 4.5+,Pool F,2,Single game,Joy Ride,UIdaho1,Joy Ride,21,17,,,,,Ben Morris,Connor Larsen,,Noah Rieth,Ryan Ripley,
Pool Play,Contender 4.5+,Pool G,2,Single game,Irritable Ball Shmackers,BLANK.,Irritable Ball Shmackers,21,9,,,,,William Foote,Rafi Moldovsky,,Simeon Ryan,Benjamin Testerman,
Pool Play,Contender 4.5+,Pool G,2,Single game,Blind Date,PSR S/T,Blind Date,22,20,,,,,Joseph Kaylor,Bryce Young,,Derek Tang,Jason Small,
Pool Play,Contender 4.5+,Pool G,2,Single game,Ace High,The Beach Boyz,Ace High,21,7,,,,,Ryan Benz,Jackson Gordon,,Malachi Ryan,Kevin Reddell,
Pool Play,Contender 4.5+,Pool H,2,Single game,Narayan/Ruehrwein,"Rain Drop, Drop Shot",Narayan/Ruehrwein,21,14,,,,,Jesse Ruehrwein,Jacob Narayan,,Logan Grigg,Daniel Green,
Pool Play,Contender 4.5+,Pool H,2,Single game,Felt Mo Up,Fresh Cuts,Felt Mo Up,21,18,,,,,Andrew Felty,Mo Beard,,Mike Hamilton,Ethan Westfall,
Pool Play,Contender 4.5+,Pool H,2,Single game,"The young, the old, the elite",Mario & Luigi,Mario & Luigi,17,21,,,,,Bradley Smith,Kyler Cote,,Evan Cox,Leo Cox,
Pool Play,Contender 4.5+,Pool A,3,Single game,Rice Farmers,TheGOATGene,Rice Farmers,21,11,,,,,Tayt Rogers,Tal Rogers,,Wesley Tunelius,David Yingling,
Pool Play,Contender 4.5+,Pool A,3,Single game,guppy sauce,PSR Pacific Fusion,PSR Pacific Fusion,6,21,,,,,Andrew Yager,Cisco Yager,,lucas peng,Bryce Jacobsen,
Pool Play,Contender 4.5+,Pool B,3,Single game,Unfinished Business,Uhh dat way,Unfinished Business,21,16,,,,,Ryan Paul,Josh DiDonato,,Dylan Cloninger,curtis lawrence,
Pool Play,Contender 4.5+,Pool B,3,Single game,Lil Sebastian,Daniel/Preston,Lil Sebastian,21,17,,,,,Aidan Nesbitt,Ryan Baillargeon,,Daniel Wight,Preston Haight,
Pool Play,Contender 4.5+,Pool C,3,Single game,come to brazil,RRP Monkey Business,come to brazil,21,14,,,,,Max Huang,Alec Galbo,,Cade Wallace,Braxton Wheatley,
Pool Play,Contender 4.5+,Pool C,3,Single game,Consciousness,Threat Level Midnight,Threat Level Midnight,14,21,,,,,Evan Bock,Michael Soliz,,Joseph Barron,Brady Price,
Pool Play,Contender 4.5+,Pool D,3,Single game,American Spikers,dumpster divers,American Spikers,21,15,,,,,Alex Hart (ASL),Jake Martha,,Nate Gauthier,Nathan Robertt,
Pool Play,Contender 4.5+,Pool D,3,Single game,Tombstone,RRP Safe Sets,Tombstone,21,17,,,,,Jaren Haggard,Konnor Cordingley,,Casey Harman,Derrick McConnell,
Pool Play,Contender 4.5+,Pool E,3,Single game,Just BARly,Mandy,Mandy,20,22,,,,,Remi Prince,Daniel Feller,,Dylan Mundy,Matt Barlow,
Pool Play,Contender 4.5+,Pool E,3,Single game,Mixed nuts,Ryker/Seth,Ryker/Seth,15,21,,,,,Ant Terrigno,Bronsten Bratley,,Ryker Brann,Seth Lee,
Pool Play,Contender 4.5+,Pool E,3,Single game,Dalinqwents," RRP Clean Combo",Dalinqwents,21,16,,,,,Brandon Tice,Cole Kuhlers,,Aaron Holt,Ezra Belnap,
Pool Play,Contender 4.5+,Pool F,3,Single game,let that soak in,Joy Ride,let that soak in,21,19,,,,,James Lamkin,Jake Woolley,,Ben Morris,Connor Larsen,
Pool Play,Contender 4.5+,Pool F,3,Single game,Dizzy,UIdaho1,Dizzy,21,10,,,,,Jack Hart,Garrett Walter,,Noah Rieth,Ryan Ripley,
Pool Play,Contender 4.5+,Pool F,3,Single game,Crunchy,Net worth,Crunchy,21,14,,,,,Chaz Klein,connor barton,,Bowen Maynard,Grant Turpin,
Pool Play,Contender 4.5+,Pool G,3,Single game,Irritable Ball Shmackers,Ace High,Ace High,14,21,,,,,William Foote,Rafi Moldovsky,,Ryan Benz,Jackson Gordon,
Pool Play,Contender 4.5+,Pool G,3,Single game,Blind Date,The Beach Boyz,Blind Date,21,7,,,,,Joseph Kaylor,Bryce Young,,Malachi Ryan,Kevin Reddell,
Pool Play,Contender 4.5+,Pool G,3,Single game,PSR S/T,BLANK.,PSR S/T,21,5,,,,,Derek Tang,Jason Small,,Simeon Ryan,Benjamin Testerman,
Pool Play,Contender 4.5+,Pool H,3,Single game,Narayan/Ruehrwein,"The young, the old, the elite",Narayan/Ruehrwein,21,16,,,,,Jesse Ruehrwein,Jacob Narayan,,Bradley Smith,Kyler Cote,
Pool Play,Contender 4.5+,Pool H,3,Single game,Felt Mo Up,Mario & Luigi,Felt Mo Up,21,15,,,,,Andrew Felty,Mo Beard,,Evan Cox,Leo Cox,
Pool Play,Contender 4.5+,Pool H,3,Single game,Fresh Cuts,"Rain Drop, Drop Shot","Rain Drop, Drop Shot",18,21,,,,,Mike Hamilton,Ethan Westfall,,Logan Grigg,Daniel Green,
Pool Play,Contender 4.5+,Pool A,4,Single game,guppy sauce,TheGOATGene,TheGOATGene,20,22,,,,,Andrew Yager,Cisco Yager,,Wesley Tunelius,David Yingling,
Pool Play,Contender 4.5+,Pool A,4,Single game,Main Main Introverts,PSR Pacific Fusion,PSR Pacific Fusion,14,21,,,,,Keaton Hawk,Daulton Monkress,,lucas peng,Bryce Jacobsen,
Pool Play,Contender 4.5+,Pool B,4,Single game,Lil Sebastian,Uhh dat way,Lil Sebastian,21,17,,,,,Aidan Nesbitt,Ryan Baillargeon,,Dylan Cloninger,curtis lawrence,
Pool Play,Contender 4.5+,Pool B,4,Single game,"washed boomball ",Daniel/Preston,"washed boomball ",21,15,,,,,benson goates,connor anderson,,Daniel Wight,Preston Haight,
Pool Play,Contender 4.5+,Pool C,4,Single game,Consciousness,RRP Monkey Business,Consciousness,21,16,,,,,Evan Bock,Michael Soliz,,Cade Wallace,Braxton Wheatley,
Pool Play,Contender 4.5+,Pool C,4,Single game,PSR Cut Serve Hashiras,Threat Level Midnight,Threat Level Midnight,17,21,,,,,Nic Albornoz,Hernestor Ramirez diaz,,Joseph Barron,Brady Price,
Pool Play,Contender 4.5+,Pool D,4,Single game,Tombstone,dumpster divers,Tombstone,22,20,,,,,Jaren Haggard,Konnor Cordingley,,Nate Gauthier,Nathan Robertt,
Pool Play,Contender 4.5+,Pool D,4,Single game,Hooked On Phonics,RRP Safe Sets,Hooked On Phonics,21,14,,,,,Justin Anderson,Jacob Page,,Casey Harman,Derrick McConnell,
Pool Play,Contender 4.5+,Pool E,4,Single game,Just BARly,Dalinqwents,Just BARly,21,16,,,,,Remi Prince,Daniel Feller,,Brandon Tice,Cole Kuhlers,
Pool Play,Contender 4.5+,Pool E,4,Single game,Mixed nuts,Mandy,Mandy,16,21,,,,,Ant Terrigno,Bronsten Bratley,,Dylan Mundy,Matt Barlow,
Pool Play,Contender 4.5+,Pool E,4,Single game," RRP Clean Combo",Ryker/Seth,Ryker/Seth,13,21,,,,,Aaron Holt,Ezra Belnap,,Ryker Brann,Seth Lee,
Pool Play,Contender 4.5+,Pool F,4,Single game,let that soak in,Crunchy,let that soak in,21,15,,,,,James Lamkin,Jake Woolley,,Chaz Klein,connor barton,
Pool Play,Contender 4.5+,Pool F,4,Single game,Dizzy,Joy Ride,Dizzy,21,17,,,,,Jack Hart,Garrett Walter,,Ben Morris,Connor Larsen,
Pool Play,Contender 4.5+,Pool F,4,Single game,Net worth,UIdaho1,UIdaho1,17,21,,,,,Bowen Maynard,Grant Turpin,,Noah Rieth,Ryan Ripley,
Pool Play,Contender 4.5+,Pool G,4,Single game,Irritable Ball Shmackers,PSR S/T,PSR S/T,11,21,,,,,William Foote,Rafi Moldovsky,,Derek Tang,Jason Small,
Pool Play,Contender 4.5+,Pool G,4,Single game,Blind Date,Ace High,Blind Date,21,16,,,,,Joseph Kaylor,Bryce Young,,Ryan Benz,Jackson Gordon,
Pool Play,Contender 4.5+,Pool G,4,Single game,BLANK.,The Beach Boyz,The Beach Boyz,17,21,,,,,Simeon Ryan,Benjamin Testerman,,Malachi Ryan,Kevin Reddell,
Pool Play,Contender 4.5+,Pool H,4,Single game,Narayan/Ruehrwein,Fresh Cuts,Narayan/Ruehrwein,21,13,,,,,Jesse Ruehrwein,Jacob Narayan,,Mike Hamilton,Ethan Westfall,
Pool Play,Contender 4.5+,Pool H,4,Single game,Felt Mo Up,"The young, the old, the elite","The young, the old, the elite",20,22,,,,,Andrew Felty,Mo Beard,,Bradley Smith,Kyler Cote,
Pool Play,Contender 4.5+,Pool H,4,Single game,"Rain Drop, Drop Shot",Mario & Luigi,"Rain Drop, Drop Shot",21,13,,,,,Logan Grigg,Daniel Green,,Evan Cox,Leo Cox,
Pool Play,Contender 4.5+,Pool A,5,Single game,Rice Farmers,guppy sauce,Rice Farmers,21,12,,,,,Tayt Rogers,Tal Rogers,,Andrew Yager,Cisco Yager,
Pool Play,Contender 4.5+,Pool A,5,Single game,TheGOATGene,Main Main Introverts,TheGOATGene,21,18,,,,,Wesley Tunelius,David Yingling,,Keaton Hawk,Daulton Monkress,
Pool Play,Contender 4.5+,Pool B,5,Single game,Unfinished Business,Lil Sebastian,Lil Sebastian,18,21,,,,,Ryan Paul,Josh DiDonato,,Aidan Nesbitt,Ryan Baillargeon,
Pool Play,Contender 4.5+,Pool B,5,Single game,Uhh dat way,"washed boomball ",Uhh dat way,21,19,,,,,Dylan Cloninger,curtis lawrence,,benson goates,connor anderson,
Pool Play,Contender 4.5+,Pool C,5,Single game,come to brazil,Consciousness,come to brazil,21,18,,,,,Max Huang,Alec Galbo,,Evan Bock,Michael Soliz,
Pool Play,Contender 4.5+,Pool C,5,Single game,RRP Monkey Business,PSR Cut Serve Hashiras,RRP Monkey Business,21,19,,,,,Cade Wallace,Braxton Wheatley,,Nic Albornoz,Hernestor Ramirez diaz,
Pool Play,Contender 4.5+,Pool D,5,Single game,American Spikers,Tombstone,American Spikers,21,19,,,,,Alex Hart (ASL),Jake Martha,,Jaren Haggard,Konnor Cordingley,
Pool Play,Contender 4.5+,Pool D,5,Single game,dumpster divers,Hooked On Phonics,dumpster divers,25,24,,,,,Nate Gauthier,Nathan Robertt,,Justin Anderson,Jacob Page,
Pool Play,Contender 4.5+,Pool E,5,Single game,Just BARly,Mixed nuts,Just BARly,21,16,,,,,Remi Prince,Daniel Feller,,Ant Terrigno,Bronsten Bratley,
Pool Play,Contender 4.5+,Pool E,5,Single game,Dalinqwents,Ryker/Seth,Dalinqwents,21,16,,,,,Brandon Tice,Cole Kuhlers,,Ryker Brann,Seth Lee,
Pool Play,Contender 4.5+,Pool E,5,Single game,Mandy," RRP Clean Combo",Mandy,21,9,,,,,Dylan Mundy,Matt Barlow,,Aaron Holt,Ezra Belnap,
Pool Play,Contender 4.5+,Pool F,5,Single game,let that soak in,Dizzy,let that soak in,21,19,,,,,James Lamkin,Jake Woolley,,Jack Hart,Garrett Walter,
Pool Play,Contender 4.5+,Pool F,5,Single game,Crunchy,UIdaho1,UIdaho1,19,21,,,,,Chaz Klein,connor barton,,Noah Rieth,Ryan Ripley,
Pool Play,Contender 4.5+,Pool F,5,Single game,Joy Ride,Net worth,Joy Ride,21,15,,,,,Ben Morris,Connor Larsen,,Bowen Maynard,Grant Turpin,
Pool Play,Contender 4.5+,Pool G,5,Single game,Irritable Ball Shmackers,Blind Date,Blind Date,14,21,,,,,William Foote,Rafi Moldovsky,,Joseph Kaylor,Bryce Young,
Pool Play,Contender 4.5+,Pool G,5,Single game,PSR S/T,The Beach Boyz,PSR S/T,21,14,,,,,Derek Tang,Jason Small,,Malachi Ryan,Kevin Reddell,
Pool Play,Contender 4.5+,Pool G,5,Single game,Ace High,BLANK.,Ace High,21,7,,,,,Ryan Benz,Jackson Gordon,,Simeon Ryan,Benjamin Testerman,
Pool Play,Contender 4.5+,Pool H,5,Single game,Narayan/Ruehrwein,Felt Mo Up,Narayan/Ruehrwein,21,13,,,,,Jesse Ruehrwein,Jacob Narayan,,Andrew Felty,Mo Beard,
Pool Play,Contender 4.5+,Pool H,5,Single game,Fresh Cuts,Mario & Luigi,Mario & Luigi,22,24,,,,,Mike Hamilton,Ethan Westfall,,Evan Cox,Leo Cox,
Pool Play,Contender 4.5+,Pool H,5,Single game,"The young, the old, the elite","Rain Drop, Drop Shot","The young, the old, the elite",21,18,,,,,Bradley Smith,Kyler Cote,,Logan Grigg,Daniel Green,
Bracket Stage,Contender 4.5+,A Bracket,Round of 32,Best of 3,Rice Farmers,Mario & Luigi,Rice Farmers,21,12,21,13,,,Tayt Rogers,Tal Rogers,,Evan Cox,Leo Cox,
Bracket Stage,Contender 4.5+,A Bracket,Round of 32,Best of 3,Blind Date,Mixed nuts,Blind Date,21,8,21,13,,,Joseph Kaylor,Bryce Young,,Ant Terrigno,Bronsten Bratley,
Bracket Stage,Contender 4.5+,A Bracket,Round of 32,Best of 3,Mandy,Irritable Ball Shmackers,Mandy,29,27,18,21,23,21,Dylan Mundy,Matt Barlow,,William Foote,Rafi Moldovsky,
Bracket Stage,Contender 4.5+,A Bracket,Round of 32,Best of 3,Narayan/Ruehrwein,Ryker/Seth,Narayan/Ruehrwein,17,21,28,26,21,18,Jesse Ruehrwein,Jacob Narayan,,Ryker Brann,Seth Lee,
Bracket Stage,Contender 4.5+,A Bracket,Round of 32,Best of 3,American Spikers,"Rain Drop, Drop Shot",American Spikers,21,12,21,19,,,Alex Hart (ASL),Jake Martha,,Logan Grigg,Daniel Green,
Bracket Stage,Contender 4.5+,A Bracket,Round of 32,Best of 3,let that soak in,"The young, the old, the elite",let that soak in,24,22,21,10,,,James Lamkin,Jake Woolley,,Bradley Smith,Kyler Cote,
Bracket Stage,Contender 4.5+,A Bracket,Round of 32,Best of 3,come to brazil,Dalinqwents,come to brazil,21,16,21,16,,,Max Huang,Alec Galbo,,Brandon Tice,Cole Kuhlers,
Bracket Stage,Contender 4.5+,A Bracket,Round of 32,Best of 3,Ace High,RRP Monkey Business,Ace High,21,15,21,12,,,Ryan Benz,Jackson Gordon,,Cade Wallace,Braxton Wheatley,
Bracket Stage,Contender 4.5+,A Bracket,Round of 32,Best of 3,PSR Pacific Fusion,TheGOATGene,PSR Pacific Fusion,21,17,21,13,,,lucas peng,Bryce Jacobsen,,Wesley Tunelius,David Yingling,
Bracket Stage,Contender 4.5+,A Bracket,Round of 32,Best of 3,Just BARly,Uhh dat way,Just BARly,0,1,1,0,1,0,Remi Prince,Daniel Feller,,Dylan Cloninger,curtis lawrence,
Bracket Stage,Contender 4.5+,A Bracket,Round of 32,Best of 3,"washed boomball ",Tombstone,"washed boomball ",21,19,21,19,,,benson goates,connor anderson,,Jaren Haggard,Konnor Cordingley,
Bracket Stage,Contender 4.5+,A Bracket,Round of 32,Best of 3,Lil Sebastian,Consciousness,Lil Sebastian,15,21,21,19,21,19,Aidan Nesbitt,Ryan Baillargeon,,Evan Bock,Michael Soliz,
Bracket Stage,Contender 4.5+,A Bracket,Round of 32,Best of 3,Unfinished Business,dumpster divers,Unfinished Business,21,16,18,21,21,15,Ryan Paul,Josh DiDonato,,Nate Gauthier,Nathan Robertt,
Bracket Stage,Contender 4.5+,A Bracket,Round of 32,Best of 3,PSR S/T,Felt Mo Up,PSR S/T,21,18,21,18,,,Derek Tang,Jason Small,,Andrew Felty,Mo Beard,
Bracket Stage,Contender 4.5+,A Bracket,Round of 32,Best of 3,Dizzy,Threat Level Midnight,Dizzy,21,16,14,21,21,17,Jack Hart,Garrett Walter,,Joseph Barron,Brady Price,
Bracket Stage,Contender 4.5+,A Bracket,Round of 32,Best of 3,Hooked On Phonics,Joy Ride,Joy Ride,24,22,19,21,17,21,Justin Anderson,Jacob Page,,Ben Morris,Connor Larsen,
Bracket Stage,Contender 4.5+,A Bracket,Round of 16,Best of 3,Rice Farmers,Joy Ride,Rice Farmers,21,17,21,17,,,Tayt Rogers,Tal Rogers,,Ben Morris,Connor Larsen,
Bracket Stage,Contender 4.5+,A Bracket,Round of 16,Best of 3,Blind Date,Dizzy,Blind Date,21,15,21,18,,,Joseph Kaylor,Bryce Young,,Jack Hart,Garrett Walter,
Bracket Stage,Contender 4.5+,A Bracket,Round of 16,Best of 3,Mandy,PSR S/T,Mandy,21,18,21,19,,,Dylan Mundy,Matt Barlow,,Derek Tang,Jason Small,
Bracket Stage,Contender 4.5+,A Bracket,Round of 16,Best of 3,Narayan/Ruehrwein,Unfinished Business,Unfinished Business,18,21,21,16,28,30,Jesse Ruehrwein,Jacob Narayan,,Ryan Paul,Josh DiDonato,
Bracket Stage,Contender 4.5+,A Bracket,Round of 16,Best of 3,American Spikers,Lil Sebastian,American Spikers,21,15,21,16,,,Alex Hart (ASL),Jake Martha,,Aidan Nesbitt,Ryan Baillargeon,
Bracket Stage,Contender 4.5+,A Bracket,Round of 16,Best of 3,let that soak in,"washed boomball ",let that soak in,19,21,21,12,28,26,James Lamkin,Jake Woolley,,benson goates,connor anderson,
Bracket Stage,Contender 4.5+,A Bracket,Round of 16,Best of 3,come to brazil,Just BARly,come to brazil,21,16,18,21,21,18,Max Huang,Alec Galbo,,Remi Prince,Daniel Feller,
Bracket Stage,Contender 4.5+,A Bracket,Round of 16,Best of 3,Ace High,PSR Pacific Fusion,Ace High,21,14,21,16,,,Ryan Benz,Jackson Gordon,,lucas peng,Bryce Jacobsen,
Bracket Stage,Contender 4.5+,A Bracket,P17: Round of 16,Best of 3,Hooked On Phonics,Mario & Luigi,Hooked On Phonics,21,14,19,21,22,20,Justin Anderson,Jacob Page,,Evan Cox,Leo Cox,
Bracket Stage,Contender 4.5+,A Bracket,P17: Round of 16,Best of 3,Threat Level Midnight,Mixed nuts,Threat Level Midnight,21,11,21,12,,,Joseph Barron,Brady Price,,Ant Terrigno,Bronsten Bratley,
Bracket Stage,Contender 4.5+,A Bracket,P17: Round of 16,Best of 3,Felt Mo Up,Irritable Ball Shmackers,Felt Mo Up,0,-1,0,-1,,,Andrew Felty,Mo Beard,,William Foote,Rafi Moldovsky,
Bracket Stage,Contender 4.5+,A Bracket,P17: Round of 16,Best of 3,dumpster divers,Ryker/Seth,dumpster divers,24,22,19,21,21,17,Nate Gauthier,Nathan Robertt,,Ryker Brann,Seth Lee,
Bracket Stage,Contender 4.5+,A Bracket,P17: Round of 16,Best of 3,Consciousness,"Rain Drop, Drop Shot",Consciousness,21,18,17,21,21,18,Evan Bock,Michael Soliz,,Logan Grigg,Daniel Green,
Bracket Stage,Contender 4.5+,A Bracket,P17: Round of 16,Best of 3,Tombstone,"The young, the old, the elite",Tombstone,21,18,25,23,,,Jaren Haggard,Konnor Cordingley,,Bradley Smith,Kyler Cote,
Bracket Stage,Contender 4.5+,A Bracket,P17: Round of 16,Best of 3,Uhh dat way,Dalinqwents,Uhh dat way,1,0,1,0,,,Dylan Cloninger,curtis lawrence,,Brandon Tice,Cole Kuhlers,
Bracket Stage,Contender 4.5+,A Bracket,P17: Round of 16,Best of 3,TheGOATGene,RRP Monkey Business,RRP Monkey Business,15,21,18,21,,,Wesley Tunelius,David Yingling,,Cade Wallace,Braxton Wheatley,
Bracket Stage,Contender 4.5+,A Bracket,Quarter-final,Best of 3,Rice Farmers,Ace High,Ace High,18,21,15,21,,,Tayt Rogers,Tal Rogers,,Ryan Benz,Jackson Gordon,
Bracket Stage,Contender 4.5+,A Bracket,Quarter-final,Best of 3,Blind Date,come to brazil,Blind Date,21,9,21,15,,,Joseph Kaylor,Bryce Young,,Max Huang,Alec Galbo,
Bracket Stage,Contender 4.5+,A Bracket,Quarter-final,Best of 3,Mandy,let that soak in,let that soak in,1,0,0,1,0,1,Dylan Mundy,Matt Barlow,,James Lamkin,Jake Woolley,
Bracket Stage,Contender 4.5+,A Bracket,Quarter-final,Best of 3,Unfinished Business,American Spikers,Unfinished Business,16,21,21,19,21,18,Ryan Paul,Josh DiDonato,,Alex Hart (ASL),Jake Martha,
Bracket Stage,Contender 4.5+,A Bracket,P9: Quarter-final,Best of 3,PSR Pacific Fusion,Joy Ride,PSR Pacific Fusion,1,0,1,0,,,lucas peng,Bryce Jacobsen,,Ben Morris,Connor Larsen,
Bracket Stage,Contender 4.5+,A Bracket,P9: Quarter-final,Best of 3,Just BARly,Dizzy,Dizzy,16,21,0,1,,,Remi Prince,Daniel Feller,,Jack Hart,Garrett Walter,
Bracket Stage,Contender 4.5+,A Bracket,P17: Quarter-final,Best of 3,Hooked On Phonics,RRP Monkey Business,RRP Monkey Business,19,21,19,21,,,Justin Anderson,Jacob Page,,Cade Wallace,Braxton Wheatley,
Bracket Stage,Contender 4.5+,A Bracket,P17: Quarter-final,Best of 3,Threat Level Midnight,Uhh dat way,Uhh dat way,16,21,0,1,,,Joseph Barron,Brady Price,,Dylan Cloninger,curtis lawrence,
Bracket Stage,Contender 4.5+,A Bracket,P17: Quarter-final,Best of 3,Felt Mo Up,Tombstone,Felt Mo Up,0,-1,0,-1,,,Andrew Felty,Mo Beard,,Jaren Haggard,Konnor Cordingley,
Bracket Stage,Contender 4.5+,A Bracket,P25: Quarter-final,Best of 3,TheGOATGene,Mario & Luigi,Mario & Luigi,15,21,18,21,,,Wesley Tunelius,David Yingling,,Evan Cox,Leo Cox,
Bracket Stage,Contender 4.5+,A Bracket,P25: Quarter-final,Best of 3,Dalinqwents,Mixed nuts,Mixed nuts,0,1,0,1,,,Brandon Tice,Cole Kuhlers,,Ant Terrigno,Bronsten Bratley,
Bracket Stage,Contender 4.5+,A Bracket,P25: Quarter-final,Best of 3,"The young, the old, the elite",Irritable Ball Shmackers,"The young, the old, the elite",1,0,1,0,,,Bradley Smith,Kyler Cote,,William Foote,Rafi Moldovsky,
Bracket Stage,Contender 4.5+,A Bracket,Semi-final,Best of 3,Ace High,Unfinished Business,Ace High,1,0,1,0,,,Ryan Benz,Jackson Gordon,,Ryan Paul,Josh DiDonato,
Bracket Stage,Contender 4.5+,A Bracket,Semi-final,Best of 3,Blind Date,let that soak in,let that soak in,-1,0,-1,0,,,Joseph Kaylor,Bryce Young,,James Lamkin,Jake Woolley,
Bracket Stage,Contender 4.5+,A Bracket,P5: Semi-final,Best of 3,American Spikers,Rice Farmers,American Spikers,0,-1,0,-1,,,Alex Hart (ASL),Jake Martha,,Tayt Rogers,Tal Rogers,
Bracket Stage,Contender 4.5+,A Bracket,P5: Semi-final,Best of 3,Mandy,come to brazil,come to brazil,18,21,28,26,19,21,Dylan Mundy,Matt Barlow,,Max Huang,Alec Galbo,
Bracket Stage,Contender 4.5+,A Bracket,P17: Semi-final,Best of 3,Uhh dat way,Felt Mo Up,Uhh dat way,26,24,1,0,,,Dylan Cloninger,curtis lawrence,,Andrew Felty,Mo Beard,
Bracket Stage,Contender 4.5+,A Bracket,P25: Semi-final,Best of 3,Mixed nuts,"The young, the old, the elite","The young, the old, the elite",0,1,0,1,,,Ant Terrigno,Bronsten Bratley,,Bradley Smith,Kyler Cote,
Bracket Stage,Contender 4.5+,A Bracket,Final,Best of 3,Ace High,let that soak in,let that soak in,15,21,15,13,14,16,Ryan Benz,Jackson Gordon,,James Lamkin,Jake Woolley,
Bracket Stage,Contender 4.5+,A Bracket,P3: Final,Best of 3,Blind Date,Unfinished Business,Unfinished Business,-2,0,-2,0,,,Joseph Kaylor,Bryce Young,,Ryan Paul,Josh DiDonato,
Bracket Stage,Contender 4.5+,A Bracket,P5: Final,Best of 3,American Spikers,come to brazil,American Spikers,21,18,1,0,,,Alex Hart (ASL),Jake Martha,,Max Huang,Alec Galbo,
Bracket Stage,Contender 4.5+,Bracket B,Round of 16,Best of 3,PSR Cut Serve Hashiras,BLANK.,PSR Cut Serve Hashiras,21,14,21,18,,,Nic Albornoz,Hernestor Ramirez diaz,,Simeon Ryan,Benjamin Testerman,
Bracket Stage,Contender 4.5+,Bracket B,Round of 16,Best of 3,Net worth," RRP Clean Combo",Net worth,21,14,21,19,,,Bowen Maynard,Grant Turpin,,Aaron Holt,Ezra Belnap,
Bracket Stage,Contender 4.5+,Bracket B,Round of 16,Best of 3,Daniel/Preston,RRP Safe Sets,RRP Safe Sets,12,21,15,21,,,Daniel Wight,Preston Haight,,Casey Harman,Derrick McConnell,
Bracket Stage,Contender 4.5+,Bracket B,Round of 16,Best of 3,guppy sauce,The Beach Boyz,The Beach Boyz,21,17,17,21,12,21,Andrew Yager,Cisco Yager,,Malachi Ryan,Kevin Reddell,
Bracket Stage,Contender 4.5+,Bracket B,Quarter-final,Best of 3,Main Main Introverts,The Beach Boyz,Main Main Introverts,21,15,18,21,21,18,Keaton Hawk,Daulton Monkress,,Malachi Ryan,Kevin Reddell,
Bracket Stage,Contender 4.5+,Bracket B,Quarter-final,Best of 3,UIdaho1,RRP Safe Sets,UIdaho1,21,17,16,21,21,15,Noah Rieth,Ryan Ripley,,Casey Harman,Derrick McConnell,
Bracket Stage,Contender 4.5+,Bracket B,Quarter-final,Best of 3,Crunchy,Net worth,Crunchy,21,19,19,21,24,22,Chaz Klein,connor barton,,Bowen Maynard,Grant Turpin,
Bracket Stage,Contender 4.5+,Bracket B,Quarter-final,Best of 3,Fresh Cuts,PSR Cut Serve Hashiras,PSR Cut Serve Hashiras,0,1,1,0,0,1,Mike Hamilton,Ethan Westfall,,Nic Albornoz,Hernestor Ramirez diaz,
Bracket Stage,Contender 4.5+,Bracket B,Semi-final,Best of 3,Main Main Introverts,PSR Cut Serve Hashiras,PSR Cut Serve Hashiras,19,21,20,22,,,Keaton Hawk,Daulton Monkress,,Nic Albornoz,Hernestor Ramirez diaz,
Bracket Stage,Contender 4.5+,Bracket B,Semi-final,Best of 3,UIdaho1,Crunchy,Crunchy,19,21,21,19,21,23,Noah Rieth,Ryan Ripley,,Chaz Klein,connor barton,
Bracket Stage,Contender 4.5+,Bracket B,P5: Semi-final,Best of 3,Fresh Cuts,The Beach Boyz,The Beach Boyz,-2,0,-2,0,,,Mike Hamilton,Ethan Westfall,,Malachi Ryan,Kevin Reddell,
Bracket Stage,Contender 4.5+,Bracket B,P5: Semi-final,Best of 3,Net worth,RRP Safe Sets,Net worth,1,0,1,0,,,Bowen Maynard,Grant Turpin,,Casey Harman,Derrick McConnell,
Bracket Stage,Contender 4.5+,Bracket B,P9: Semi-final,Best of 3,guppy sauce,BLANK.,BLANK.,11,15,8,15,,,Andrew Yager,Cisco Yager,,Simeon Ryan,Benjamin Testerman,
Bracket Stage,Contender 4.5+,Bracket B,P9: Semi-final,Best of 3,Daniel/Preston," RRP Clean Combo",Daniel/Preston,1,0,1,0,,,Daniel Wight,Preston Haight,,Aaron Holt,Ezra Belnap,
Bracket Stage,Contender 4.5+,Bracket B,Final,Best of 3,PSR Cut Serve Hashiras,Crunchy,Crunchy,16,21,0,1,1,0,Nic Albornoz,Hernestor Ramirez diaz,,Chaz Klein,connor barton,
Bracket Stage,Contender 4.5+,Bracket B,P3: Final,Best of 3,UIdaho1,Main Main Introverts,UIdaho1,1,0,1,0,,,Noah Rieth,Ryan Ripley,,Keaton Hawk,Daulton Monkress,
Bracket Stage,Contender 4.5+,Bracket B,P5: Final,Best of 3,The Beach Boyz,Net worth,Net worth,0,1,0,1,,,Malachi Ryan,Kevin Reddell,,Bowen Maynard,Grant Turpin,
Pool Play,Intermediate/Advanced 3.0-4.0,Pool A,1,Single game,Silly Gooses,The Outfitters,Silly Gooses,15,8,,,,,Chris Sorensen,Sidney Pharr,,Jonathan Dusett,Luke Menear,
Pool Play,Intermediate/Advanced 3.0-4.0,Pool A,1,Single game,The Empire Spikes Back,Brim Breakers,The Empire Spikes Back,15,11,,,,,Austin Galvan,Michael Sampson,,Devin Perkins,Miles Egbert,
Pool Play,Intermediate/Advanced 3.0-4.0,Pool A,1,Single game,Skewered Orbs ™,team dre,Skewered Orbs ™,15,13,,,,,Brian Balderree,Kyle Sharp,,Boston Reid,Max Petersen,
Pool Play,Intermediate/Advanced 3.0-4.0,Pool A,1,Single game,"ASL Flemming/Peterson ",Hart/Whittier,Hart/Whittier,13,15,,,,,Evan Flemming,Grady Peterson,,Peter Hart,Korven Whittier,
Pool Play,Intermediate/Advanced 3.0-4.0,Pool A,2,Single game,Silly Gooses,Brim Breakers,Brim Breakers,11,15,,,,,Chris Sorensen,Sidney Pharr,,Devin Perkins,Miles Egbert,
Pool Play,Intermediate/Advanced 3.0-4.0,Pool A,2,Single game,The Empire Spikes Back,Hart/Whittier,Hart/Whittier,13,15,,,,,Austin Galvan,Michael Sampson,,Peter Hart,Korven Whittier,
Pool Play,Intermediate/Advanced 3.0-4.0,Pool A,2,Single game,Skewered Orbs ™,"ASL Flemming/Peterson ","ASL Flemming/Peterson ",15,17,,,,,Brian Balderree,Kyle Sharp,,Evan Flemming,Grady Peterson,
Pool Play,Intermediate/Advanced 3.0-4.0,Pool A,2,Single game,team dre,The Outfitters,team dre,15,7,,,,,Boston Reid,Max Petersen,,Jonathan Dusett,Luke Menear,
Pool Play,Intermediate/Advanced 3.0-4.0,Pool A,3,Single game,Silly Gooses,team dre,Silly Gooses,15,7,,,,,Chris Sorensen,Sidney Pharr,,Boston Reid,Max Petersen,
Pool Play,Intermediate/Advanced 3.0-4.0,Pool A,3,Single game,The Empire Spikes Back,Skewered Orbs ™,The Empire Spikes Back,15,10,,,,,Austin Galvan,Michael Sampson,,Brian Balderree,Kyle Sharp,
Pool Play,Intermediate/Advanced 3.0-4.0,Pool A,3,Single game,"ASL Flemming/Peterson ",The Outfitters,"ASL Flemming/Peterson ",15,8,,,,,Evan Flemming,Grady Peterson,,Jonathan Dusett,Luke Menear,
Pool Play,Intermediate/Advanced 3.0-4.0,Pool A,3,Single game,Hart/Whittier,Brim Breakers,Brim Breakers,12,15,,,,,Peter Hart,Korven Whittier,,Devin Perkins,Miles Egbert,
Pool Play,Intermediate/Advanced 3.0-4.0,Pool A,4,Single game,Silly Gooses,Hart/Whittier,Hart/Whittier,13,15,,,,,Chris Sorensen,Sidney Pharr,,Peter Hart,Korven Whittier,
Pool Play,Intermediate/Advanced 3.0-4.0,Pool A,4,Single game,The Empire Spikes Back,The Outfitters,The Empire Spikes Back,15,10,,,,,Austin Galvan,Michael Sampson,,Jonathan Dusett,Luke Menear,
Pool Play,Intermediate/Advanced 3.0-4.0,Pool A,4,Single game,Skewered Orbs ™,Brim Breakers,Brim Breakers,9,15,,,,,Brian Balderree,Kyle Sharp,,Devin Perkins,Miles Egbert,
Pool Play,Intermediate/Advanced 3.0-4.0,Pool A,4,Single game,"ASL Flemming/Peterson ",team dre,"ASL Flemming/Peterson ",15,7,,,,,Evan Flemming,Grady Peterson,,Boston Reid,Max Petersen,
Pool Play,Intermediate/Advanced 3.0-4.0,Pool A,5,Single game,Silly Gooses,"ASL Flemming/Peterson ","ASL Flemming/Peterson ",12,15,,,,,Chris Sorensen,Sidney Pharr,,Evan Flemming,Grady Peterson,
Pool Play,Intermediate/Advanced 3.0-4.0,Pool A,5,Single game,The Empire Spikes Back,team dre,The Empire Spikes Back,15,12,,,,,Austin Galvan,Michael Sampson,,Boston Reid,Max Petersen,
Pool Play,Intermediate/Advanced 3.0-4.0,Pool A,5,Single game,Skewered Orbs ™,Hart/Whittier,Hart/Whittier,14,16,,,,,Brian Balderree,Kyle Sharp,,Peter Hart,Korven Whittier,
Pool Play,Intermediate/Advanced 3.0-4.0,Pool A,5,Single game,Brim Breakers,The Outfitters,Brim Breakers,15,6,,,,,Devin Perkins,Miles Egbert,,Jonathan Dusett,Luke Menear,
Pool Play,Intermediate/Advanced 3.0-4.0,Pool A,6,Single game,Silly Gooses,Skewered Orbs ™,Silly Gooses,15,8,,,,,Chris Sorensen,Sidney Pharr,,Brian Balderree,Kyle Sharp,
Pool Play,Intermediate/Advanced 3.0-4.0,Pool A,6,Single game,The Empire Spikes Back,"ASL Flemming/Peterson ","ASL Flemming/Peterson ",15,17,,,,,Austin Galvan,Michael Sampson,,Evan Flemming,Grady Peterson,
Pool Play,Intermediate/Advanced 3.0-4.0,Pool A,6,Single game,Hart/Whittier,The Outfitters,Hart/Whittier,15,10,,,,,Peter Hart,Korven Whittier,,Jonathan Dusett,Luke Menear,
Pool Play,Intermediate/Advanced 3.0-4.0,Pool A,6,Single game,team dre,Brim Breakers,Brim Breakers,7,15,,,,,Boston Reid,Max Petersen,,Devin Perkins,Miles Egbert,
Pool Play,Intermediate/Advanced 3.0-4.0,Pool A,7,Single game,Silly Gooses,The Empire Spikes Back,Silly Gooses,15,13,,,,,Chris Sorensen,Sidney Pharr,,Austin Galvan,Michael Sampson,
Pool Play,Intermediate/Advanced 3.0-4.0,Pool A,7,Single game,Skewered Orbs ™,The Outfitters,Skewered Orbs ™,15,9,,,,,Brian Balderree,Kyle Sharp,,Jonathan Dusett,Luke Menear,
Pool Play,Intermediate/Advanced 3.0-4.0,Pool A,7,Single game,"ASL Flemming/Peterson ",Brim Breakers,"ASL Flemming/Peterson ",15,9,,,,,Evan Flemming,Grady Peterson,,Devin Perkins,Miles Egbert,
Pool Play,Intermediate/Advanced 3.0-4.0,Pool A,7,Single game,Hart/Whittier,team dre,Hart/Whittier,15,8,,,,,Peter Hart,Korven Whittier,,Boston Reid,Max Petersen,
Bracket Stage,Intermediate/Advanced 3.0-4.0,A Bracket,Quarter-final,Best of 3,Hart/Whittier,The Outfitters,Hart/Whittier,21,8,21,10,,,Peter Hart,Korven Whittier,,Jonathan Dusett,Luke Menear,
Bracket Stage,Intermediate/Advanced 3.0-4.0,A Bracket,Quarter-final,Best of 3,"ASL Flemming/Peterson ",team dre,"ASL Flemming/Peterson ",21,12,21,11,,,Evan Flemming,Grady Peterson,,Boston Reid,Max Petersen,
Bracket Stage,Intermediate/Advanced 3.0-4.0,A Bracket,Quarter-final,Best of 3,Brim Breakers,Skewered Orbs ™,Brim Breakers,21,14,22,20,,,Devin Perkins,Miles Egbert,,Brian Balderree,Kyle Sharp,
Bracket Stage,Intermediate/Advanced 3.0-4.0,A Bracket,Quarter-final,Best of 3,Silly Gooses,The Empire Spikes Back,Silly Gooses,23,21,21,12,,,Chris Sorensen,Sidney Pharr,,Austin Galvan,Michael Sampson,
Bracket Stage,Intermediate/Advanced 3.0-4.0,A Bracket,Semi-final,Best of 3,Hart/Whittier,Silly Gooses,Silly Gooses,20,22,22,20,18,21,Peter Hart,Korven Whittier,,Chris Sorensen,Sidney Pharr,
Bracket Stage,Intermediate/Advanced 3.0-4.0,A Bracket,Semi-final,Best of 3,"ASL Flemming/Peterson ",Brim Breakers,"ASL Flemming/Peterson ",21,18,21,15,,,Evan Flemming,Grady Peterson,,Devin Perkins,Miles Egbert,
Bracket Stage,Intermediate/Advanced 3.0-4.0,A Bracket,P5: Semi-final,Best of 3,The Empire Spikes Back,The Outfitters,The Empire Spikes Back,21,13,21,13,,,Austin Galvan,Michael Sampson,,Jonathan Dusett,Luke Menear,
Bracket Stage,Intermediate/Advanced 3.0-4.0,A Bracket,P5: Semi-final,Best of 3,Skewered Orbs ™,team dre,Skewered Orbs ™,21,7,5,0,,,Brian Balderree,Kyle Sharp,,Boston Reid,Max Petersen,
Bracket Stage,Intermediate/Advanced 3.0-4.0,A Bracket,Final,Best of 3,Silly Gooses,"ASL Flemming/Peterson ","ASL Flemming/Peterson ",13,21,22,24,,,Chris Sorensen,Sidney Pharr,,Evan Flemming,Grady Peterson,
Bracket Stage,Intermediate/Advanced 3.0-4.0,A Bracket,P3: Final,Best of 3,Brim Breakers,Hart/Whittier,Brim Breakers,22,24,25,23,21,18,Devin Perkins,Miles Egbert,,Peter Hart,Korven Whittier,
Bracket Stage,Intermediate/Advanced 3.0-4.0,A Bracket,P5: Final,Best of 3,The Empire Spikes Back,Skewered Orbs ™,The Empire Spikes Back,21,18,21,11,,,Austin Galvan,Michael Sampson,,Brian Balderree,Kyle Sharp,
Bracket Stage,Intermediate/Advanced 3.0-4.0,A Bracket,P7: Final,Best of 3,team dre,The Outfitters,team dre,21,17,21,13,,,Boston Reid,Max Petersen,,Jonathan Dusett,Luke Menear,